iid_adscripcion,cdescripcion_adscripcion,csiglas,iid_tipo_area,iestatus,iid_usuario
1,10a Sala Civil ,,2,1,1
2,10a Sala Civil Ponencia 1,,2,1,1
3,10a Sala Civil Ponencia 2,,2,1,1
4,10a Sala Civil Ponencia 3,,2,1,1
5,10a Sala Civil Sria de Acdos,,2,1,1
6,1a Conserjeria,,9,1,1
7,1a. Sala Espe. en Materia de Ejec. de Sanciones Penales (P1),,2,1,1
8,1a. Sala Espe. en Materia de Ejec. de Sanciones Penales (P2),,2,1,1
9,1a. Sala Espe. en Materia de Ejec. de Sanciones Penales (P3),,2,1,1
10,1a. Sala Espe. en Materia de Ejec. de Sanciones Penales (Sria ,,2,1,1
11,1aSala Adolescentes,,2,1,1
12,1aSala Adolescentes,,2,1,1
13,1aSala Adolescentes Ponencia 1,,2,1,1
14,1aSala Adolescentes Ponencia 2,,2,1,1
15,1aSala Adolescentes Ponencia 3,,2,1,1
16,1aSala AdolescentesSria de Acdos,,2,1,1
17,1aSala Civil,,2,1,1
18,1aSala CivilPonencia 1,,2,1,1
19,1aSala CivilPonencia 2,,2,1,1
20,1aSala CivilPonencia 3,,2,1,1
21,1aSala CivilSria de Acdos,,2,1,1
22,1aSala Familiar ,,2,1,1
23,1aSala Familiar Ponencia 1,,2,1,1
24,1aSala Familiar Ponencia 2,,2,1,1
25,1aSala Familiar Ponencia 3,,2,1,1
26,1aSala Familiar Sria de Acdos,,2,1,1
27,1aSala Penal,,2,1,1
28,1aSala PenalPonencia 1,,2,1,1
29,1aSala PenalPonencia 2,,2,1,1
30,1aSala PenalPonencia 3,,2,1,1
31,1aSala PenalSria de Acdos,,2,1,1
32,1aSecretaria de Acuerdos de la Presidencia y el Pleno,,4,1,1
33,2a Conserjeria,,9,1,1
34,2a. Sala Espe. en Materia de Ejec. de Sanciones Penales (P1),,2,1,1
35,2a. Sala Espe. en Materia de Ejec. de Sanciones Penales (P2),,2,1,1
36,2a. Sala Espe. en Materia de Ejec. de Sanciones Penales (P3),,2,1,1
37,2a. Sala Espe. en Materia de Ejec. de Sanciones Penales (Sria ,,2,1,1
38,2aSala Adolescentes,,2,1,1
39,2aSala Adolescentes,,2,1,1
41,2aSala AdolescentesPonencia 1,,2,1,1
43,2aSala AdolescentesPonencia 2,,2,1,1
45,2aSala AdolescentesPonencia 3,,2,1,1
47,2aSala AdolescentesSria de Acdos,,2,1,1
48,2aSala Civil,,2,1,1
49,2aSala CivilPonencia 1,,2,1,1
50,2aSala CivilPonencia 2,,2,1,1
51,2aSala CivilPonencia 3,,2,1,1
52,2aSala CivilSria de Acdos,,2,1,1
53,2aSala Familiar ,,2,1,1
54,2aSala Familiar Ponencia 1,,2,1,1
55,2aSala Familiar Ponencia 2,,2,1,1
56,2aSala Familiar Ponencia 3,,2,1,1
57,2aSala Familiar Sria de Acdos,,2,1,1
58,2aSala Penal,,2,1,1
59,2aSala PenalPonencia 1,,2,1,1
60,2aSala PenalPonencia 2,,2,1,1
61,2aSala PenalPonencia 3,,2,1,1
62,2aSala PenalSria de Acdos,,2,1,1
63,2aSecretaria de Acuerdos de la Presidencia y el Pleno,,4,1,1
64,3a Conserjeria,,9,1,1
65,3aSala Civil,,2,1,1
66,3aSala CivilPonencia 1,,2,1,1
67,3aSala CivilPonencia 2,,2,1,1
68,3aSala CivilPonencia 3,,2,1,1
69,3aSala CivilSria de Acdos,,2,1,1
70,3aSala Familiar ,,2,1,1
71,3aSala Familiar Ponencia 1,,2,1,1
72,3aSala Familiar Ponencia 2,,2,1,1
73,3aSala Familiar Ponencia 3,,2,1,1
74,3aSala Familiar Sria de Acdos,,2,1,1
75,3aSala Penal,,2,1,1
76,3aSala PenalPonencia 1,,2,1,1
77,3aSala PenalPonencia 2,,2,1,1
78,3aSala PenalPonencia 3,,2,1,1
79,3aSala PenalSria de Acdos,,2,1,1
80,4a Conserjeria,,9,1,1
81,4aSala Civil,,2,1,1
82,4aSala CivilPonencia 1,,2,1,1
83,4aSala CivilPonencia 2,,2,1,1
84,4aSala CivilPonencia 3,,2,1,1
85,4aSala CivilSria de Acdos,,2,1,1
86,4aSala Familiar ,,2,1,1
87,4aSala Familiar Ponencia 1,,2,1,1
88,4aSala Familiar Ponencia 2,,2,1,1
89,4aSala Familiar Ponencia 3,,2,1,1
90,4aSala FamiliarSria de Acdos,,2,1,1
91,4aSala Penal,,2,1,1
92,4aSala PenalPonencia 1,,2,1,1
93,4aSala PenalPonencia 2,,2,1,1
94,4aSala PenalPonencia 3,,2,1,1
95,4aSala PenalSria de Acdos,,2,1,1
96,5a Conserjeria,,9,1,1
97,5a Sala Civil Ponencia 3,,2,1,1
98,5aSala Civil,,2,1,1
99,5aSala CivilPonencia 1,,2,1,1
100,5aSala CivilPonencia 2,,2,1,1
101,5aSala CivilPonencia 3,,2,1,1
102,5aSala CivilSria de Acdos,,2,1,1
103,5a Sala Familiar,,2,1,1
104,5aSala Familiar Ponencia 1,,2,1,1
105,5aSala Familiar Ponencia 2,,2,1,1
106,5aSala Familiar Ponencia 3,,2,1,1
107,5aSala FamiliarSria de Acdos,,2,1,1
108,5aSala Penal,,2,1,1
109,5aSala PenalPonencia 1,,2,1,1
110,5aSala PenalPonencia 2,,2,1,1
111,5aSala PenalPonencia 3,,2,1,1
112,5aSala PenalSria de Acdos,,2,1,1
113,6a Conserjeria,,9,1,1
114,6aSala Civil,,2,1,1
115,6aSala CivilPonencia 1,,2,1,1
116,6aSala CivilPonencia 2,,2,1,1
117,6aSala CivilPonencia 3,,2,1,1
118,6aSala CivilSria de Acdos,,2,1,1
119,6aSala Penal,,2,1,1
120,6aSala PenalPonencia 1,,2,1,1
121,6aSala PenalPonencia 2,,2,1,1
122,6aSala PenalPonencia 3,,2,1,1
123,6aSala PenalSria de Acdos,,2,1,1
124,7aSala Civil,,2,1,1
125,7aSala CivilPonencia 1,,2,1,1
126,7aSala CivilPonencia 2,,2,1,1
127,7aSala CivilPonencia 3,,2,1,1
128,7aSala CivilSria de Acdos,,2,1,1
129,7aSala Penal,,2,1,1
130,7aSala PenalPonencia 1,,2,1,1
131,7aSala PenalPonencia 2,,2,1,1
132,7aSala PenalPonencia 3,,2,1,1
133,7aSala PenalSria de Acdos,,2,1,1
134,8aSala Civil,,2,1,1
135,8aSala CivilPonencia 1,,2,1,1
136,8aSala CivilPonencia 2,,2,1,1
137,8aSala CivilPonencia 3,,2,1,1
138,8aSala CivilSria de Acdos,,2,1,1
139,8aSala Penal,,2,1,1
140,8aSala PenalPonencia 1,,2,1,1
141,8aSala PenalPonencia 2,,2,1,1
142,8aSala PenalPonencia 3,,2,1,1
143,8aSala PenalSria de Acdos,,2,1,1
144,9aSala Civil,,2,1,1
145,9aSala CivilPonencia 1,,2,1,1
146,9aSala CivilPonencia 2,,2,1,1
147,9aSala CivilPonencia 3,,2,1,1
148,9aSala CivilSria de Acdos,,2,1,1
149,9aSala Penal ,,2,1,1
150,9aSala Penal Ponencia 1,,2,1,1
151,9aSala Penal Ponencia 2,,2,1,1
152,9aSala Penal Ponencia 3,,2,1,1
153,9aSala Penal Sria de Acdos,,2,1,1
154,Anales de Jurisprudencia y Boletín Judicial,,9,1,1
155,Apoyo Info y Servicios en Oralidad Penal,,9,1,1
156,Archivo Judicial,,9,1,1
157,Asesoria de Enlace Legislativo,,9,1,1
158,"CENDI ""Cristina Pacheco""",,9,1,1
159,"CENDI ""Gloria Leduc de Agüero""",,9,1,1
160,"CENDI ""Ninos Heroes""",,9,1,1
161,"CENDI ""Patricia Atala de Elias""",,9,1,1
162,"CENDI ""Pino Suarez""",,9,1,1
163,Central de Comunicaciones Procesales CCP,,9,1,1
164,Central de Notificadores,,9,1,1
165,Centro de Convivencia Familiar Supervisada,,9,1,1
166,Centros de Desarrollo Infantil,,9,1,1
167,Comision al Consejo de la Judicatura,,9,1,1
168,Comision Al Consejo de la Judicatura del Distrito Federal,,9,1,1
169,Consigaciones Civiles,,9,1,1
170,Consignaciones Penales,,9,1,1
171,Contraloria General,,9,1,1
172,Coordinacion Administrativa,,9,1,1
173,Coordinación Comedores,,9,1,1
174,Coordinacion de Asesores de Presidencia,,9,1,1
175,Coordinacion de CENDIS,,9,1,1
176,Coordinacion de Comunicacion Social,,9,1,1
177,Coordinación De Mantenimiento Y Servicio,,9,1,1
178,Coordinación de Procesos de Evaluación,,9,1,1
179,Coordinacion de Proyectos Especiales,,9,1,1
180,Coordinacion de Intervención Especializada Para Apoyo Judicial,,9,1,1
181,Dirección de Evaluacion e Intervención Psicológica para Apoyo Judicial,,9,1,1
182,Dirección de la Unidad de Gestión Judicial en Materia de Ejecución de Medidas,,9,1,1
183,Dirección de la Unidad de Supervisión de Medidas Cautelares y Suspensión Condicional del Proceso,,9,1,1
184,Dirección de Mediación Civil-Mercantil,,9,1,1
185,Dirección de Mediación Penal y de Justicia para Adolescentes,,9,1,1
186,Dirección Destino Final Bienes Decomisados,,9,1,1
188,Dirección Mediación Privada y Registro de Mediadores,,9,1,1
189,Dirección Unidad Gestion Judicial Materia de Justicia Adolescentes,,9,1,1
190,Dirección Administracion de Personal,,9,1,1
191,Dirección Anales Jurisprudencia y Publicaciones,,9,1,1
192,Dirección Civil,,9,1,1
193,Dirección de Abastecimiento,,9,1,1
194,Dirección de Acervo Bibliográfico e Inventarios,,9,1,1
195,Dirección de Administración Financiera,,9,1,1
196,Dirección de Adquisiciones,,9,1,1
197,Dirección de Amparos,,9,1,1
198,Dirección de Apoyo Legislativo,,9,1,1
199,Dirección de Capacitación y Desarrollo,,9,1,1
200,Dirección de Carrera e Investigación Judicial,,9,1,1
201,Dirección de Comunicaciones y Seguridad,,9,1,1
202,Dirección de Consignaciones Civiles,,9,1,1
203,Dirección de Contabilidad,,9,1,1
204,Dirección de Convivencia Familiar,,9,1,1
205,Dirección de Desarrollo Organizacional,,9,1,1
206,Dirección de Estadistica de la Presidencia,,9,1,1
207,Dirección de Evaluación e Intervención Psicológica para Apoyo ,,9,1,1
208,Dirección de Gestión Tecnológica,,9,1,1
209,Dirección de Información Pública,,9,1,1
210,Dirección de la Oficialia de Partes Común,,9,1,1
211,Dirección de Mediación Civil y Comercial,,9,1,1
212,Dirección de Mediación Penal,,9,1,1
213,Dirección de Modernización,,9,1,1
214,Dirección de Normatividad,,9,1,1
215,Dirección de Normatividad y Modernización,,9,1,1
216,Dirección de Operación y Control,,9,1,1
217,Dirección de Planeación,,9,1,1
218,Dirección de Política Salarial y Pagos,,9,1,1
219,Dirección de Programación y Presupuesto,,9,1,1
220,Dirección de Turno de Consignaciones Penales y de Justicia para Adolescentes,,9,1,1
221,Dirección del Archivo Judicial de la CDMX y del Registro Público de Avisos Judiciales,,9,1,1
222,Dirección del Boletin Judicial y Estadistica,,9,1,1
223,Dirección del Centro de Convivencia Familiar Supervisada,,9,1,1
224,Dirección Desarrollo y Mantenimiento de Sistemas,DDMS,9,1,1
225,Dirección Editorial de Difusión y Eventos,,9,1,1
226,Dirección Ejecutiva de Gestión Judicial,,9,1,1
227,Dirección Ejecutiva de Gestión Tecnológica,DEGT,5,1,1
228,"Dirección Ejecutiva de Obras, Mantenimiento y Servicios",DEOMS,5,1,1
229,Dirección Ejecutiva de Planeación,DEP,5,1,1
230,Dirección Ejecutiva de Recursos Financieros,DERF,5,1,1
231,Dirección Ejecutiva de Recursos Humanos,DERH,5,1,1
232,Dirección Ejecutiva de Recursos Materiales,DERM,5,1,1
233,Dirección Ejecutiva Juridica,,9,1,1
234,Dirección General de Anales de Jurisprudencia y Boletin Judicial,,9,1,1
235,Dirección General de Gestión Judicial,,9,1,1
236,Dirección General del Centro de Justicia Alternativa,,9,1,1
237,Dirección General del Instituto de Estudios Judiciales,,9,1,1
238,Dirección Ingenieria Soporte Oralidad,,9,1,1
239,Dirección Litigiosa,,9,1,1
240,Dirección Orientacion Ciudadana y Derechos Humanos,,9,1,1
241,Dirección para el Cobro de Multas Judiciales,,9,1,1
242,Dirección Penal,,9,1,1
243,Dirección Relaciones Laborales y Prestaciones,,9,1,1
244,Dirección de Seguridad y Vigilancia,,9,1,1
245,Enlace Administrativo,,9,1,1
246,Fideicomiso del Fondo de Apoyo a la Administracion de Justicia,,9,1,1
247,Instituto de Servicios Periciales y Ciencias Forenses,,9,1,1
248,Instituto de Estudios Judiciales,,9,1,1
249,Jefatura de la Unidad Departamental de Apoyo a Salas de Oralidad Penal,,9,1,1
250,Jefatura de la Unidad Departamental de Oficina de Notificacion 1,,9,1,1
251,Jefatura de la Unidad Departamental de Oficina de Notificacion 2,,9,1,1
252,Jefatura de la Unidad Departamental de Oficina de Notificacion 3,,9,1,1
253,Jefatura de la Unidad Departamental de Oficina de Notificacion 4,,9,1,1
254,Jefatura de la Unidad Departamental de Oficina de Notificacion 5,,9,1,1
255,Jefatura de la Unidad Departamental de Oficina de Seguimiento de Ampa 1,,9,1,1
256,Jefatura de la Unidad Departamental de Oficina de Seguimiento de Ampa 2,,9,1,1
257,Jefatura de la Unidad Departamental de Oficina de Seguimiento de Ampa 3,,9,1,1
258,Jefatura de la Unidad Departamental de Oficina de Seguimiento de Ampa 4,,9,1,1
259,Jefatura de la Unidad Departamental de Oficina de Seguimiento de Ampa 5,,9,1,1
260,Jefatura de la Unidad Departamental de Oficina de Seguimiento de Ampa 9,,9,1,1
261,Jefatura de la Unidad Departamental de Seguimiento de Control 1,,9,1,1
262,Jefatura de la Unidad Departamental de Seguimiento de Control 10,,9,1,1
263,Jefatura de la Unidad Departamental de Seguimiento de Control 11,,9,1,1
264,Jefatura de la Unidad Departamental de Seguimiento de Control 12,,9,1,1
265,Jefatura de la Unidad Departamental de Seguimiento de Control 2,,9,1,1
266,Jefatura de la Unidad Departamental de Seguimiento de Control 3,,9,1,1
267,Jefatura de la Unidad Departamental de Seguimiento de Control 4,,9,1,1
268,Jefatura de la Unidad Departamental de Seguimiento de Control 5,,9,1,1
269,Jefatura de la Unidad Departamental de Seguimiento de Control 6,,9,1,1
270,Jefatura de la Unidad Departamental de Seguimiento de Control 7,,9,1,1
271,Jefatura de la Unidad Departamental de Seguimiento de Control 8,,9,1,1
272,Jefatura de la Unidad Departamental de Seguimiento de Control 9,,9,1,1
273,Jefatura de la Unidad Departamental de Seguimiento de Ejecucion 1,,9,1,1
274,Jefatura de la Unidad Departamental de Seguimiento de Ejecucion 2,,9,1,1
275,Jefatura de la Unidad Departamental de Seguimiento de Ejecucion 3,,9,1,1
276,Jefatura de la Unidad Departamental de Seguimiento de Ejecucion 4,,9,1,1
277,Jefatura de la Unidad Departamental de Seguimiento de Ejecucion 5,,9,1,1
278,Jefatura de la Unidad Departamental de Actas 1,,9,1,1
279,Jefatura de la Unidad Departamental de Actas 10,,9,1,1
280,Jefatura de la Unidad Departamental de Actas 11,,9,1,1
281,Jefatura de la Unidad Departamental de Actas 12,,9,1,1
282,Jefatura de la Unidad Departamental de Actas 2,,9,1,1
283,Jefatura de la Unidad Departamental de Actas 3,,9,1,1
284,Jefatura de la Unidad Departamental de Actas 4,,9,1,1
285,Jefatura de la Unidad Departamental de Actas 5,,9,1,1
286,Jefatura de la Unidad Departamental de Actas 9,,9,1,1
287,Jefatura de la Unidad Departamental de Atencion a Usuarios 1,,9,1,1
288,Jefatura de la Unidad Departamental de Atencion a Usuarios 10,,9,1,1
289,Jefatura de la Unidad Departamental de Atencion a Usuarios 11,,9,1,1
290,Jefatura de la Unidad Departamental de Atencion a Usuarios 12,,9,1,1
291,Jefatura de la Unidad Departamental de Atencion a Usuarios 2,,9,1,1
292,Jefatura de la Unidad Departamental de Atencion a Usuarios 3,,9,1,1
293,Jefatura de la Unidad Departamental de Atencion a Usuarios 4,,9,1,1
294,Jefatura de la Unidad Departamental de Atencion a Usuarios 9,,9,1,1
295,Jefatura de la Unidad departamental de Audiencias 1,,9,1,1
296,Jefatura de la Unidad departamental de Audiencias 10,,9,1,1
297,Jefatura de la Unidad departamental de Audiencias 11,,9,1,1
298,Jefatura de la Unidad departamental de Audiencias 12,,9,1,1
299,Jefatura de la Unidad departamental de Audiencias 2,,9,1,1
300,Jefatura de la Unidad departamental de Audiencias 3,,9,1,1
301,Jefatura de la Unidad departamental de Audiencias 4,,9,1,1
302,Jefatura de la Unidad departamental de Audiencias 5,,9,1,1
303,Jefatura de la Unidad departamental de Audiencias 9,,9,1,1
304,Jefatura de la Unidad Departamental de Juicio Oral 1,,9,1,1
305,Jefatura de la Unidad Departamental de Juicio Oral 10,,9,1,1
306,Jefatura de la Unidad Departamental de Juicio Oral 11,,9,1,1
307,Jefatura de la Unidad Departamental de Juicio Oral 12,,9,1,1
308,Jefatura de la Unidad Departamental de Juicio Oral 2,,9,1,1
309,Jefatura de la Unidad Departamental de Juicio Oral 3,,9,1,1
310,Jefatura de la Unidad Departamental de Juicio Oral 4,,9,1,1
311,Jefatura de la Unidad Departamental de Juicio Oral 5,,9,1,1
312,Jefatura de la Unidad Departamental de Juicio Oral 7,,9,1,1
313,Jefatura de la Unidad Departamental de Juicio Oral 8,,9,1,1
314,Jefatura de la Unidad Departamental de Juicio Oral 9,,9,1,1
315,Jefatura de la Unidad Departamental de Servicios Generales,,9,1,1
316,Jefatura de Unidad Departamental,,9,1,1
317,Jefatura de Unidad Departamental de Apoyo a Salas de Oralidad ,,9,1,1
318,Jefatura de Unidad Departamental de Servicios Generales y Recursos,,9,1,1
319,Jefatura de Unidad Departamental de Atencion a Usuarios 5,,9,1,1
320,Juzgado 14° Materia Civil Proceso Oral y de Tutela de Derechos Humanos de la CDMX,,1,1,1
321,Juzgado 15° Materia Civil Proceso Oral y de Tutela de Derechos Humanos de la CDMX,,1,1,1
322,Juzgado 25° Materia Penal Proceso Escrito y de Tutela de Derechos Humanos de la CDM,,1,1,1
323,Juzgado 29° Materia Civil Proceso Oral y de Tutela de Derechos Humanos de la CDMX,,1,1,1
324,Juzgado 38° Materia Penal Proceso Escrito y de Tutela de Derechos Humanos de la CDM,,1,1,1
325,Juzgado 67° Materia Penal Proceso Escrito y de Tutela de Derechos Humanos de la CDM,,1,1,1
326,Juzgado 7° Materia Familiar Proceso Oral y de Tutela de Derechos Humanos de la CDMX,,1,1,1
327,Juzgado 1o de Justicia Adolescentes del Sistema Procesal Penal Acusatorio,,1,1,1
328,Juzgado 1o. Mixto de la CDMX en Materia Penal y Tutela de Derechos Humanos,,1,1,1
329,Juzgado 2o. Mixto de la CDMX en Materia Penal y Tutela de Derechos Humanos,,1,1,1
330,Juzgado 3o. Mixto de la CDMX en Materia Penal y Tutela de Derechos Humanos,,1,1,1
331,Jefatura de Unidad Departamental de Actas,,9,1,1
332,Jefatura de Unidad Departamental de Amparos y Apelaciones,,9,1,1
333,Jefatura de Unidad Departamental de Analisis Registro,,9,1,1
334,Jefatura de Unidad Departamental de Apoyo Legal Generación Estadísticas,,9,1,1
335,Jefatura de Unidad Departamental de Apoyo Salas,,9,1,1
336,Jefatura de Unidad Departamental de Apoyo Técnológico a Generación Estadísticas,,9,1,1
337,Jefatura de Unidad Departamental de Atencion a Usuarios,,9,1,1
338,Jefatura de Unidad Departamental de Audiencias,,9,1,1
339,Jefatura de Unidad Departamental de Consignación Dng Narcomenudeo,,9,1,1
340,Jefatura de Unidad Departamental Consultiva,,9,1,1
341,Jefatura de Unidad Departamental de Contratos Pedidos,,9,1,1
342,Jefatura de Unidad Departamental de Control Presupuestal,,9,1,1
343,Jefatura de Unidad Departamental de Control de Infraestuctura de Servidores Hosting,,9,1,1
344,Jefatura de Unidad Departamental de Acervo Audiovisual,,9,1,1
345,Jefatura de Unidad Departamental de Acervo Bibliografico,,9,1,1
346,Jefatura de Unidad Departamental de Acervo Bibliografico Especializado,,9,1,1
348,Jefatura de Unidad Departamental de Administracion de Bases de Datos,,9,1,1
349,Jefatura de Unidad Departamental de Administración Fray Servando,,9,1,1
350,Jefatura de Unidad Departamental de Administración Reclusorio Norte,,9,1,1
351,Jefatura de Unidad Departamental de Administración Reclusorio Oriente,,9,1,1
352,Jefatura de Unidad Departamental de Administración Reclusorio Sur,,9,1,1
353,Jefatura de Unidad Departamental de Administración Rio De La Plata,,9,1,1
354,Jefatura de Unidad Departamental de Administración Sullivan,,9,1,1
355,Jefatura de Unidad Departamental de Administracion y Control Escolar,,9,1,1
356,Jefatura de Unidad Departamental de Administración de Aplicaciones,,9,1,1
357,Jefatura de Unidad Departamental de Administración de la Red,,9,1,1
358,Jefatura de Unidad Departamental de Administración de Recursos Informáticos,,9,1,1
359,Jefatura de Unidad Departamental de Analisis Jurídico,,9,1,1
360,Jefatura de Unidad Departamental de Analisis y Diseño,,9,1,1
361,Jefatura de Unidad Departamental de Anfiteatro y Laboratorio de Pa,,9,1,1
362,Jefatura de Unidad Departamental de Aplicación y Diagnostico,,9,1,1
363,Jefatura de Unidad Departamental De Apoyo,,9,1,1
364,Jefatura de Unidad Departamental de Apoyo Legal para la Generacion de Estadisticas,,9,1,1
365,Jefatura de Unidad Departamental de Apoyo Técnico,,9,1,1
366,Jefatura de Unidad Departamental de Apoyo Tecnológico,,9,1,1
367,Jefatura de Unidad Departamental de Apoyo Tecnologico para la Generación de Estadisticas,,9,1,1
368,Jefatura de Unidad Departamental de Archivo Laboral,,9,1,1
369,Jefatura de Unidad Departamental De Asesoramiento Psicológico,,9,1,1
370,Jefatura de Unidad Departamental de Asesoria Juridica y Comite Academico,,9,1,1
371,Jefatura de Unidad Departamental de Asist Tec Salas y Juz y CECOFAM,,9,1,1
372,Jefatura de Unidad Departamental de Asistencia Técnica,,9,1,1
373,Jefatura de Unidad Departamental de Asuntos Laborales,,9,1,1
374,Jefatura de Unidad Departamental de Atencion a Organos de Control,,9,1,1
375,Jefatura de Unidad Departamental de Atencion a Solicitudes de Info,,9,1,1
376,Jefatura de Unidad Departamental de Atencion a Usuarios,,9,1,1
377,Jefatura de Unidad Departamental De Atención Al Público,,9,1,1
378,Jefatura de Unidad Departamental de Atencion de Amparos y Apelaciones,,9,1,1
379,Jefatura de Unidad Departamental de Atencion de Juicio Oral,,9,1,1
380,Jefatura de Unidad Departamental de Audiencias,,9,1,1
381,Jefatura de Unidad Departamental de Bajas y Reasignaciones,,9,1,1
382,Jefatura de Unidad Departamental De Base De Datos,,9,1,1
383,Jefatura de Unidad Departamental de Caja y Bancos,,9,1,1
384,Jefatura de Unidad Departamental De Comunicaciones Audiovisuales,,9,1,1
385,Jefatura de Unidad Departamental de Concursos y Contratos,,9,1,1
386,Jefatura de Unidad Departamental De Conformación De Proyectos,,9,1,1
387,Jefatura de Unidad Departamental de Consignaciones,,9,1,1
388,Jefatura de Unidad Departamental de Contabilidad de Ingresos y Egresos,,9,1,1
389,Jefatura de Unidad Departamental de Control Administrativo,,9,1,1
390,Jefatura de Unidad Departamental de Control de Almacenes,,9,1,1
391,Jefatura de Unidad Departamental de Control de Calidad y Recepción de Bienes,,9,1,1
392,Jefatura de Unidad Departamental de Control de Certificados,,9,1,1
393,Jefatura de Unidad Departamental de Control de Inventarios,,9,1,1
394,Jefatura de Unidad Departamental de Control de Nominas e Impuestos,,9,1,1
395,Jefatura de Unidad Departamental de Control de Servicio Fotocopiado,,9,1,1
396,Jefatura de Unidad Departamental de Control del Pago,,9,1,1
397,Jefatura de Unidad Departamental de Control Presupuestal,,9,1,1
398,Jefatura de Unidad Departamental de Control y Distribucion,,9,1,1
399,Jefatura de Unidad Departamental de Control y Evaluacion Programática,,9,1,1
400,Jefatura de Unidad Departamental de Convivencia Externa,,9,1,1
401,Jefatura de Unidad Departamental de Correccion y Estilo,,9,1,1
402,Jefatura de Unidad Departamental De Ctrl Audiovisual,,9,1,1
403,Jefatura de Unidad Departamental De Ctrl de Gestion,,9,1,1
404,Jefatura de Unidad Departamental de Cumplimiento de Amparos y Apelaciones,,9,1,1
405,Jefatura de Unidad Departamental de Derechos Humanos,,9,1,1
406,Jefatura de Unidad Departamental de desarrollo de Sistemas,,9,1,1
407,Jefatura de Unidad Departamental de Difusion,,9,1,1
408,Jefatura de Unidad Departamental de Difusion y Vinculación Tecnológica,,9,1,1
409,Jefatura de Unidad Departamental de Diseño de Instrumentos Y Procesos,,9,1,1
410,Jefatura de Unidad Departamental de Diseño y Desarrollo de Programas,,9,1,1
411,Jefatura de Unidad Departamental de Documentación y Jurisprudencia,,9,1,1
412,Jefatura de Unidad Departamental de Edición e Impresión,,9,1,1
413,Jefatura de Unidad Departamental de Ejecución del Gasto,,9,1,1
414,Jefatura de Unidad Departamental de Estudios Salariales y de Puestos,,9,1,1
415,Jefatura de Unidad Departamental de Evaluación,,9,1,1
416,Jefatura de Unidad Departamental de Evaluación a Cargos de Apoyo Jefatura de Unidad Departamentales,,9,1,1
417,Jefatura de Unidad Departamental de Evaluacion a Cargos Jefatura de Unidad Departamentaliciales,,9,1,1
418,Jefatura de Unidad Departamental de Evaluacion de Riesgo,,9,1,1
419,Jefatura de Unidad Departamental de Evaluación Psicológica,,9,1,1
420,Jefatura de Unidad Departamental de Eventos,,9,1,1
421,Jefatura de Unidad Departamental de Eventos Socio Culturales,,9,1,1
422,Jefatura de Unidad Departamental de Gestion de Ejecución,,9,1,1
423,Jefatura de Unidad Departamental de Gestion de Medidas Sancionadoras,,9,1,1
424,Jefatura de Unidad Departamental de Gestion de Penas,,9,1,1
425,Jefatura de Unidad Departamental De Gestion y Mejora Continua,,9,1,1
426,Jefatura de Unidad Departamental de Identificacion,,9,1,1
427,Jefatura de Unidad Departamental de Información Y Estadística,,9,1,1
428,Jefatura de Unidad Departamental De Instalaciones y Servicio,,9,1,1
429,Jefatura de Unidad Departamental de Intendencia,,9,1,1
430,Jefatura de Unidad Departamental De Intendencia Y Fotocopiado,,9,1,1
431,Jefatura de Unidad Departamental De Investigación Documental,,9,1,1
432,Jefatura de Unidad Departamental de Investigación Jefatura de Unidad Departamentalicial,,9,1,1
433,Jefatura de Unidad Departamental de Investigación Jurídica y Enlace,,9,1,1
434,Jefatura de Unidad Departamental de Investigación y Programas Académicos,,9,1,1
435,Jefatura de Unidad Departamental de Invitaciones Restringidas,,9,1,1
436,Jefatura de Unidad Departamental de Licitaciones Públicas,,9,1,1
437,Jefatura de Unidad Departamental de lo Civil,,9,1,1
438,Jefatura de Unidad Departamental de Mantenimiento a Inmuebles,,9,1,1
439,Jefatura de Unidad Departamental de Mantenimiento de Hardware y Software,,9,1,1
440,Jefatura de Unidad Departamental de Mantenimiento de Maquinaria y Equipo,,9,1,1
441,Jefatura de Unidad Departamental de Mantenimiento de Sistemas,,9,1,1
442,Jefatura de Unidad Departamental de Monitoreo de Medios Electronicos,,9,1,1
443,Jefatura de Unidad Departamental de Movimientos de Personal,,9,1,1
444,Jefatura de Unidad Departamental de Normas y Conceptos Estadísticos,,9,1,1
445,Jefatura de Unidad Departamental de Normatividad Laboral,,9,1,1
446,Jefatura de Unidad Departamental de Notificación,,9,1,1
447,Jefatura de Unidad Departamental De Notificadores,,9,1,1
448,Jefatura de Unidad Departamental De Operacion de Oralidad Civil,,9,1,1
449,Jefatura de Unidad Departamental De Operacion de Oralidad Penal,,9,1,1
450,Jefatura de Unidad Departamental De Operación del C5,,9,1,1
451,Jefatura de Unidad Departamental De Operacion del Cambio,,9,1,1
452,Jefatura de Unidad Departamental de Orientacion Ciudadana,,9,1,1
453,Jefatura de Unidad Departamental de Pagos,,9,1,1
454,Jefatura de Unidad Departamental de Planeación y Seguimiento,,9,1,1
455,Jefatura de Unidad Departamental de Prestaciones Económicas,,9,1,1
456,Jefatura de Unidad Departamental de Prestaciones Sociales,,9,1,1
457,Jefatura de Unidad Departamental de Procesos de Nómina,,9,1,1
458,Jefatura de Unidad Departamental de Programación,,9,1,1
459,Jefatura de Unidad Departamental de Programación de Aplicaciones,,9,1,1
460,Jefatura de Unidad Departamental De Programas De Educación Abierta,,9,1,1
461,Jefatura de Unidad Departamental de Pruebas de Calidad Y Control,,9,1,1
462,Jefatura de Unidad Departamental de Publicaciones,,9,1,1
463,Jefatura de Unidad Departamental de Recepcion de Consignaciones,,9,1,1
464,Jefatura de Unidad Departamental de Recepcion y Registro,,9,1,1
465,Jefatura de Unidad Departamental de Reclutamiento y Selección,,9,1,1
466,Jefatura de Unidad Departamental de Registro Contable de Nominas y Obligaciones Fiscales,,9,1,1
467,Jefatura de Unidad Departamental de Registro de Ingresos,,9,1,1
468,Jefatura de Unidad Departamental de Registro y Control de Tramites,,9,1,1
469,Jefatura de Unidad Departamental de Registro y Filiacion,,9,1,1
470,Jefatura de Unidad Departamental de Relaciones Interinstitucionales,,9,1,1
471,Jefatura de Unidad Departamental de Relaciones Publicas,,9,1,1
472,Jefatura de Unidad Departamental de Remuneraciones e Impuestos,,9,1,1
473,Jefatura de Unidad Departamental de Salas y Audiencias,,9,1,1
474,Jefatura de Unidad Departamental de Seguimiento de Ejecución,,9,1,1
475,Jefatura de Unidad Departamental de Seguimiento y Control,,9,1,1
476,Jefatura de Unidad Departamental de Seguridad,,9,1,1
477,Jefatura de Unidad Departamental de Seguridad Informática,,9,1,1
478,Jefatura de Unidad Departamental de Servicio a Usuarios,,9,1,1
479,Jefatura de Unidad Departamental de Servicio de Microfilmación y Digitalización,,9,1,1
480,Jefatura de Unidad Departamental de Servicio Médico Preventivo,,9,1,1
481,Jefatura de Unidad Departamental de Servicio Social,,9,1,1
482,Jefatura de Unidad Departamental de Sintesis y Analisis de la Información,,9,1,1
483,Jefatura de Unidad Departamental de Sintesis y Analisis de la Informática,,9,1,1
484,Jefatura de Unidad Departamental de Sistemas de Energía Interrumpida,,9,1,1
485,Jefatura de Unidad Departamental de Soporte a Redes de Computo,,9,1,1
486,Jefatura de Unidad Departamental de Soporte Oralidad Familiar,,9,1,1
487,Jefatura de Unidad Departamental de Soporte Tecnico,,9,1,1
488,"Jefatura de Unidad Departamental de Supervision ""A""",,9,1,1
489,"Jefatura de Unidad Departamental de Supervision ""B""",,9,1,1
490,Jefatura de Unidad Departamental de Supervisión de Servicios Contratados,,9,1,1
491,Jefatura de Unidad Departamental de Supervision y Asesoría de Cend,,9,1,1
492,Jefatura de Unidad Departamental de Terapia para Adultos,,9,1,1
493,Jefatura de Unidad Departamental de Terapia para Niños y Adolescentes,,9,1,1
494,Jefatura de Unidad Departamental de Trabajo Social,,9,1,1
495,Jefatura de Unidad Departamental de Trámite Documental,,9,1,1
496,Jefatura de Unidad Departamental de Transferencia Tecnológica,,9,1,1
497,Jefatura de Unidad Departamental de Turno de Consignaciones,,9,1,1
498,Jefatura de Unidad Departamental de Umeca y Suspensión del Proceso,,9,1,1
499,Jefatura de Unidad Departamental De Unidad de Gestión y Seguimiento,,9,1,1
500,Jefatura de Unidad Departamental de Verificacion de Demandas,,9,1,1
501,Jefatura de Unidad Departamental de Verificacion y Entrega de Certificados,,9,1,1
502,Jefatura de Unidad Departamental de Vigilancia de Sustitutos y Beneficios Penales,,9,1,1
503,Jefatura de Unidad Departamental de Vigilancia y Cumplimiento de Medidas Sancionadoras,,9,1,1
504,Jefatura de Unidad Departamental de Vinculación Institucional,,9,1,1
505,Jefatura de Unidad Departamental del Archivo Jefatura de Unidad Departamentalicial,,9,1,1
506,Jefatura de Unidad Departamental de Destino Final de Bienes,,9,1,1
507,Jefatura de Unidad Departamental de Digitalizacion y Registro Documental,,9,1,1
508,Jefatura de Unidad Departamental de Ejecución Sanciones Reclusorio Norte,,9,1,1
509,Jefatura de Unidad Departamental de Ejecución Sanciones Reclusorio Sur,,9,1,1
510,Jefatura de Unidad Departamental de Inscripción Archivo de Convenios de Mediación,,9,1,1
511,Jefatura de Unidad Departamental de Investigación y Enseñanza,,9,1,1
512,Jefatura de Unidad Departamental del Laboratorio de Patología,,9,1,1
513,Jefatura de Unidad Departamental del Laboratorio de Química,,9,1,1
514,Jefatura de Unidad Departamental de Logística,,9,1,1
515,Jefatura de Unidad Departamental de Mandamientos Jefatura de Unidad Departamentales,,9,1,1
516,Jefatura de Unidad Departamental de Normas y Conceptos Estadísticos,,9,1,1
517,Jefatura de Unidad Departamental de Notificación,,9,1,1
518,Jefatura de Unidad Departamental de Notificadores,,9,1,1
519,Jefatura de Unidad Departamental para el Cobro de Multas Jefatura de Unidad Departamentales,,9,1,1
520,Jefatura de Unidad Departamental de Políticas de Administración del Directorio Activo,,9,1,1
521,Jefatura de Unidad Departamental de Salas y Audiencias,,9,1,1
522,Jefatura de Unidad Departamental de Seguimiento de Pedidos y Contratos,,9,1,1
523,Jefatura de Unidad Departamental de Seguimiento Programas Académicos,,9,1,1
524,Jefatura de Unidad Departamental de Seguimiento y Control,,9,1,1
525,Jefatura de Unidad Departamental de Servicios Generales,,9,1,1
526,Jefatura de Unidad Departamental de Sistemas Audiovisuales de Seguridad,,9,1,1
527,Jefatura de Unidad Departamental de Tratamiento de las Adicciones,,9,1,1
528,Juzgado 1o en Materia de Justicia para Adolescentes Especializado en Ejecución de Medidas Sancionadoras,,9,1,1
529,Juzgado 1o del Sistema Procesal Acusatorio Especializado en Justicia para Adolescentes,,9,1,1
530,Juzgado 2o en Materia de Justicia para Adolescentes Especializado en Ejecución de Medidas Sancionadoras,,9,1,1
531,Juzgado 2o del Sistema Procesal Acusatorio Especializado en Justicia para Adolescentes,,9,1,1
532,Juzgado 3o del Sistema Procesal Acusatorio Especializado en Justicia para Adolescentes,,9,1,1
533,Juzgado 4o de Ejecución de Medidas Sancionadoras en Justicia para Adolescentes,,9,1,1
534,Juzgado 4o del Sistema Procesal Acusatorio Especializado en Justicia para Adolescentes,,9,1,1
535,Juzgado 5o del Sistema Procesal Acusatorio Especializado en Justicia para Adolescentes,,9,1,1
536,Juzgado 6o de Ejecución de Adolescentes del Sistema Procesal Penal Acusatorio,,9,1,1
537,Juzgado en Materia Penal en Sistema Procesal Acusatorio,,9,1,1
538,Juzgado Penal Especializado en Ejecución de Sanciones Penales,,9,1,1
539,Juzgado 10o Adolescentes No Graves,,1,1,1
540,Juzgado 10o Civil de Cuantia Menor,,1,1,1
541,Juzgado 10o Civil Mercantil De Oralidad,,1,1,1
542,Juzgado 10o de lo Civil,,1,1,1
543,Juzgado 10o de lo Familiar,,1,1,1
544,Juzgado 10o de Paz Civil,,1,1,1
545,Juzgado 10o Penal ReclNte,,1,1,1
546,Juzgado 11o Civil de Cuantia Menor,,1,1,1
547,Juzgado 11o Civil Mercantil De Oralidad,,1,1,1
548,Juzgado 11o de lo Civil,,1,1,1
549,Juzgado 11o de lo Familiar,,1,1,1
550,Juzgado 11o de Paz Civil,,1,1,1
551,Juzgado 11o Penal ReclNte,,1,1,1
552,Juzgado 12o Civil de Cuantia Menor,,1,1,1
553,Juzgado 12o Civil Mercantil De Oralidad,,1,1,1
554,Juzgado 12o de lo Civil,,1,1,1
555,Juzgado 12o de lo Familiar,,1,1,1
556,Juzgado 12o de Paz Civil,,1,1,1
557,Juzgado 12o Penal ReclNte,,1,1,1
558,Juzgado 13o Civil de Cuantia Menor,,1,1,1
559,Juzgado 13o Civil Mercantil De Oralidad,,1,1,1
560,Juzgado 13o de lo Civil,,1,1,1
561,Juzgado 13o de lo Familiar,,1,1,1
562,Juzgado 13o de Paz Civil,,1,1,1
563,Juzgado 13o Penal ReclNte,,1,1,1
564,Juzgado 14o Civil de Cuantia Menor,,1,1,1
565,Juzgado 14o Civil Mercantil De Oralidad,,1,1,1
566,Juzgado 14o de lo Civil,,1,1,1
567,Juzgado 14o de lo Familiar,,1,1,1
568,Juzgado 14o de Paz Penal,,1,1,1
569,Juzgado 14o Penal ReclNte,,1,1,1
570,Juzgado 15o Civil de Cuantia Menor,,1,1,1
571,Juzgado 15o Civil Mercantil De Oralidad,,1,1,1
572,Juzgado 15o de lo Civil,,1,1,1
573,Juzgado 15o de lo Familiar,,1,1,1
574,Juzgado 15o de Paz Civil,,1,1,1
575,Juzgado 15o Penal ReclOte,,1,1,1
576,Juzgado 16o Civil de Cuantia Menor,,1,1,1
577,Juzgado 16o Civil Mercantil De Oralidad,,1,1,1
578,Juzgado 16o de lo Civil,,1,1,1
579,Juzgado 16o de lo Familiar,,1,1,1
580,Juzgado 16o de Paz Civil,,1,1,1
581,Juzgado 16o Penal ReclOte,,1,1,1
582,Juzgado 17o Civil de Cuantia Menor,,1,1,1
583,Juzgado 17o Civil Mercantil De Oralidad,,1,1,1
584,Juzgado 17o de lo Civil,,1,1,1
585,Juzgado 17o de lo Familiar,,1,1,1
586,Juzgado 17o de Paz Civil,,1,1,1
587,Juzgado 17o Penal ReclOte,,1,1,1
588,Juzgado 18o Civil de Cuantia Menor,,1,1,1
589,Juzgado 18o Civil Mercantil De Oralidad,,1,1,1
590,Juzgado 18o de lo Civil,,1,1,1
591,Juzgado 18o de lo Familiar,,1,1,1
592,Juzgado 18o de Paz Penal,,1,1,1
593,Juzgado 18o Penal ReclOte,,1,1,1
594,Juzgado 19o Civil de Cuantia Menor,,1,1,1
595,Juzgado 19o Civil Mercantil De Oralidad,,1,1,1
596,Juzgado 19o de lo Civil,,1,1,1
597,Juzgado 19o de lo Familiar,,1,1,1
598,Juzgado 19o de Paz Penal,,1,1,1
599,Juzgado 19o Penal ReclOte,,1,1,1
600,Juzgado 1a Instancia En Islas Marias,,1,1,1
601,Juzgado 1o Adolescentes Graves,,1,1,1
602,Juzgado 1o Adolescentes No Graves,,1,1,1
603,Juzgado 1o Civil de Cuantia Menor,,1,1,1
604,Juzgado 1o Civil Mercantil De Oralidad,,1,1,1
605,Juzgado 1o de Ejecución de Sanciones Penales,,1,1,1
606,Juzgado 1o de lo Civil,,1,1,1
607,Juzgado 1o de lo Familiar,,1,1,1
608,Juzgado 1o de Paz Penal,,1,1,1
609,Juzgado 1o de Proceso Escrito en Justicia para Adolescentes,,1,1,1
610,Juzgado 1o Penal De Ejecución De Sancion,,1,1,1
611,Juzgado 1o Penal ReclNte,,1,1,1
612,Juzgado 1o. de Tutela de Derechos Humanos,,1,1,1
613,Juzgado 20o Civil de Cuantia Menor,,1,1,1
614,Juzgado 20o Civil Mercantil De Oralidad,,1,1,1
615,Juzgado 20o de lo Civil,,1,1,1
616,Juzgado 20o de lo Familiar,,1,1,1
617,Juzgado 20o de Paz Penal,,1,1,1
618,Juzgado 20o Penal ReclOte,,1,1,1
619,Juzgado 21o Civil de Cuantia Menor,,1,1,1
620,Juzgado 21o de lo Civil,,1,1,1
621,Juzgado 21o de lo Familiar,,1,1,1
622,Juzgado 21o de Paz Civil,,1,1,1
623,Juzgado 21o Penal ReclOte,,1,1,1
624,Juzgado 22o Civil de Cuantia Menor,,1,1,1
625,Juzgado 22o de lo Civil,,1,1,1
626,Juzgado 22o de lo Familiar,,1,1,1
627,Juzgado 22o de Paz Civil,,1,1,1
628,Juzgado 22o Penal ReclOte,,1,1,1
629,Juzgado 23o Civil de Cuantia Menor,,1,1,1
630,Juzgado 23o de lo Civil,,1,1,1
631,Juzgado 23o de lo Familiar,,1,1,1
632,Juzgado 23o de Paz Penal,,1,1,1
633,Juzgado 23o Penal ReclOte,,1,1,1
634,Juzgado 24o Civil de Cuantia Menor,,1,1,1
635,Juzgado 24o de lo Civil,,1,1,1
636,Juzgado 24o de lo Familiar,,1,1,1
637,Juzgado 24o de Paz Penal,,1,1,1
638,Juzgado 24o Penal ReclOte,,1,1,1
639,Juzgado 25o Civil de Cuantia Menor,,1,1,1
640,Juzgado 25o de lo Civil,,1,1,1
641,Juzgado 25o de lo Familiar,,1,1,1
642,Juzgado 25o de Paz Penal,,1,1,1
643,Juzgado 25o Penal ReclOte,,1,1,1
644,Juzgado 26o Civil de Cuantia Menor,,1,1,1
645,Juzgado 26o de lo Civil,,1,1,1
646,Juzgado 26o de lo Familiar,,1,1,1
647,Juzgado 26o de Paz Penal,,1,1,1
648,Juzgado 26o Penal ReclOte,,1,1,1
649,Juzgado 27o Civil de Cuantia Menor,,1,1,1
650,Juzgado 27o de lo Civil,,1,1,1
651,Juzgado 27o de lo Familiar,,1,1,1
652,Juzgado 27o de Paz Civil,,1,1,1
653,Juzgado 27o Penal ReclOte,,1,1,1
654,Juzgado 28o de lo Civil,,1,1,1
655,Juzgado 28o de lo Familiar,,1,1,1
656,Juzgado 28o de Paz Penal,,1,1,1
657,Juzgado 28o Penal ReclOte,,1,1,1
658,Juzgado 29o de lo Civil,,1,1,1
659,Juzgado 29o de lo Familiar,,1,1,1
660,Juzgado 29o de Paz Penal,,1,1,1
661,Juzgado 29o Penal ReclSur,,1,1,1
662,Juzgado 2o Adolescentes Graves,,1,1,1
663,Juzgado 2o Adolescentes No Graves,,1,1,1
664,Juzgado 2o Civil de Cuantia Menor,,1,1,1
665,Juzgado 2o Civil Mercantil De Oralidad,,1,1,1
666,Juzgado 2o de Ejecución de Sanciones Penales,,1,1,1
667,Juzgado 2o de lo Civil,,1,1,1
668,Juzgado 2o de lo Familiar,,1,1,1
669,Juzgado 2o de Paz Civil,,1,1,1
670,Juzgado 2o de Proceso Escrito en Justicia para Adolescentes,,1,1,1
671,Juzgado 2o de Proceso Oral en Justicia para Adolescentes,,1,1,1
672,Juzgado 2o Justicia para Adolescentes del Sistema Procesal Penal Acusatorio,,1,1,1
673,Juzgado 2o Penal De Ejecución De Sancion,,1,1,1
674,Juzgado 2o Penal ReclNte,,1,1,1
675,Juzgado 2o. de Tutela de Derechos Humanos,,1,1,1
676,Juzgado 30o de lo Civil,,1,1,1
677,Juzgado 30o de lo Familiar,,1,1,1
678,Juzgado 30o de Paz Penal,,1,1,1
679,Juzgado 30o Penal ReclSur,,1,1,1
680,Juzgado 31o de lo Civil,,1,1,1
681,Juzgado 31o de lo Familiar,,1,1,1
682,Juzgado 31o de Paz Penal,,1,1,1
683,Juzgado 31o Penal ReclSur,,1,1,1
684,Juzgado 32o de lo Civil,,1,1,1
685,Juzgado 32o de lo Familiar,,1,1,1
686,Juzgado 32o de Paz Penal,,1,1,1
687,Juzgado 32o Penal ReclSur,,1,1,1
688,Juzgado 33o de lo Civil,,1,1,1
689,Juzgado 33o de lo Familiar,,1,1,1
690,Juzgado 33o de Paz Civil,,1,1,1
691,Juzgado 33o Penal ReclSur,,1,1,1
692,Juzgado 34o de lo Civil,,1,1,1
693,Juzgado 34o de lo Familiar,,1,1,1
694,Juzgado 34o de Paz Penal,,1,1,1
695,Juzgado 34o Penal ReclNte,,1,1,1
696,Juzgado 35o de lo Civil,,1,1,1
697,Juzgado 35o de lo Familiar,,1,1,1
698,Juzgado 35o de Paz Penal,,1,1,1
699,Juzgado 35o Penal ReclNte,,1,1,1
700,Juzgado 36o de lo Civil,,1,1,1
701,Juzgado 36o de lo Familiar,,1,1,1
702,Juzgado 36o de Paz Civil,,1,1,1
703,Juzgado 36o Penal ReclNte,,1,1,1
704,Juzgado 37o de lo Civil,,1,1,1
705,Juzgado 37o de lo Familiar,,1,1,1
706,Juzgado 37o de Paz Penal,,1,1,1
707,Juzgado 37o Penal ReclNte,,1,1,1
708,Juzgado 38o de lo Civil,,1,1,1
709,Juzgado 38o de lo Familiar,,1,1,1
710,Juzgado 38o de Paz Penal,,1,1,1
711,Juzgado 38o Penal ReclNte,,1,1,1
712,Juzgado 39o de lo Civil,,1,1,1
713,Juzgado 39o de lo Familiar,,1,1,1
714,Juzgado 39o de Paz Penal,,1,1,1
715,Juzgado 39o Penal ReclNte,,1,1,1
716,Juzgado 3o Adolescentes Graves,,1,1,1
717,Juzgado 3o Adolescentes No Graves,,1,1,1
718,Juzgado 3o Civil de Cuantia Menor,,1,1,1
719,Juzgado 3o Civil Mercantil De Oralidad,,1,1,1
720,Juzgado 3o de Ejec Adol Sist Proce Penal A,,1,1,1
721,Juzgado 3o de Ejecucion de Sanciones Penales,,1,1,1
722,Juzgado 3o de Justicia para Adolescentes del Sistema Procesal Penal,,1,1,1
723,Juzgado 3o de lo Civil,,1,1,1
724,Juzgado 3o de lo Familiar,,1,1,1
725,Juzgado 3o de Paz Civil,,1,1,1
726,Juzgado 3o de Proceso Escrito en Justicia para Adolescentes,,1,1,1
727,Juzgado 3o de Proceso Oral en Justicia para Adolescentes,,1,1,1
728,Juzgado 3o Penal De Ejecución De Sancion,,1,1,1
729,Juzgado 3o Penal ReclNte,,1,1,1
730,Juzgado 40o de lo Civil,,1,1,1
731,Juzgado 40o de lo Familiar,,1,1,1
732,Juzgado 40o de Paz Penal,,1,1,1
733,Juzgado 40o Penal ReclNte,,1,1,1
734,Juzgado 41o de lo Civil,,1,1,1
735,Juzgado 41o de lo Familiar,,1,1,1
736,Juzgado 41o de Paz Penal,,1,1,1
737,Juzgado 41o Penal ReclNte,,1,1,1
738,Juzgado 42o de lo Civil,,1,1,1
739,Juzgado 42o de lo Familiar,,1,1,1
740,Juzgado 42o de Paz Civil,,1,1,1
741,Juzgado 42o Penal ReclNte,,1,1,1
742,Juzgado 43o de lo Civil,,1,1,1
743,Juzgado 43o de Paz Civil,,1,1,1
744,Juzgado 43o Penal ReclNte,,1,1,1
745,Juzgado 44o de lo Civil,,1,1,1
746,Juzgado 44o de Paz Civil,,1,1,1
747,Juzgado 44o Penal ReclNte,,1,1,1
748,Juzgado 45o de lo Civil,,1,1,1
749,Juzgado 45o de Paz Penal,,1,1,1
750,Juzgado 45o Penal ReclNte,,1,1,1
751,Juzgado 46o de lo Civil,,1,1,1
752,Juzgado 46o de Paz Civil,,1,1,1
753,Juzgado 46o Penal ReclNte,,1,1,1
754,Juzgado 47o de lo Civil,,1,1,1
755,Juzgado 47o de Paz Penal,,1,1,1
756,Juzgado 47o Penal ReclNte,,1,1,1
757,Juzgado 48o de lo Civil,,1,1,1
758,Juzgado 48o de Paz Penal,,1,1,1
759,Juzgado 48o Penal ReclOte,,1,1,1
760,Juzgado 49o de lo Civil,,1,1,1
761,Juzgado 49o de Paz Penal,,1,1,1
762,Juzgado 49o Penal ReclOte,,1,1,1
763,Juzgado 4o Adolescentes Graves,,1,1,1
764,Juzgado 4o Adolescentes No Graves,,1,1,1
765,Juzgado 4o Civil de Cuantia Menor,,1,1,1
766,Juzgado 4o Civil Mercantil De Oralidad,,1,1,1
767,Juzgado 4o de Ejecucion de Sanciones Penales,,1,1,1
768,Juzgado 4o de lo Civil,,1,1,1
769,Juzgado 4o de lo Familiar,,1,1,1
770,Juzgado 4o de Paz Penal,,1,1,1
771,Juzgado 4o de Proceso Escrito en Justicia para Adolescentes,,1,1,1
772,Juzgado 4o de Proceso Oral en Justicia para Adolescentes,,1,1,1
773,Juzgado 4o Penal De Ejecución De Sancion,,1,1,1
774,Juzgado 4o Penal ReclNte,,1,1,1
775,Juzgado 50o de lo Civil,,1,1,1
776,Juzgado 50o de Paz Civil,,1,1,1
777,Juzgado 50o Penal ReclOte,,1,1,1
778,Juzgado 51o de lo Civil,,1,1,1
779,Juzgado 51o de Paz Penal,,1,1,1
780,Juzgado 51o Penal ReclOte,,1,1,1
781,Juzgado 52o de lo Civil,,1,1,1
782,Juzgado 52o de Paz Penal,,1,1,1
783,Juzgado 52o Penal ReclOte,,1,1,1
784,Juzgado 53o de lo Civil,,1,1,1
785,Juzgado 53o de Paz Penal,,1,1,1
786,Juzgado 53o Penal ReclOte,,1,1,1
787,Juzgado 54o de lo Civil,,1,1,1
788,Juzgado 54o de Paz Civil,,1,1,1
789,Juzgado 54o Penal ReclOte,,1,1,1
790,Juzgado 55o de lo Civil,,1,1,1
791,Juzgado 55o de Paz Penal,,1,1,1
792,Juzgado 55o Penal ReclOte,,1,1,1
793,Juzgado 56o de lo Civil,,1,1,1
794,Juzgado 56o de Paz Penal,,1,1,1
795,Juzgado 56o Penal ReclOte,,1,1,1
796,Juzgado 57o de lo Civil,,1,1,1
797,Juzgado 57o de Paz Civil,,1,1,1
798,Juzgado 57o Penal ReclOte,,1,1,1
799,Juzgado 58o de lo Civil,,1,1,1
800,Juzgado 58o de Paz Civil,,1,1,1
801,Juzgado 58o Penal ReclOte,,1,1,1
802,Juzgado 59o de lo Civil,,1,1,1
803,Juzgado 59o de Paz Penal,,1,1,1
804,Juzgado 59o Penal ReclOte,,1,1,1
805,Juzgado 5o Adolescentes Graves,,1,1,1
806,Juzgado 5o Adolescentes No Graves,,1,1,1
807,Juzgado 5o Civil de Cuantia Menor,,1,1,1
808,Juzgado 5o Civil Mercantil De Oralidad,,1,1,1
809,Juzgado 5o de Ejec Adol Sist Proce Penal A,,1,1,1
810,Juzgado 5o de lo Civil,,1,1,1
811,Juzgado 5o de lo Familiar,,1,1,1
812,Juzgado 5o de Paz Penal,,1,1,1
813,Juzgado 5o de Proceso Escrito en Justicia para Adolescentes,,1,1,1
814,Juzgado 5o Penal ReclNte,,1,1,1
815,Juzgado 5o Penal ReclNte,,1,1,1
816,Juzgado 60o de lo Civil,,1,1,1
817,Juzgado 60o de Paz Penal,,1,1,1
818,Juzgado 60o Penal ReclOte,,1,1,1
819,Juzgado 61o de lo Civil,,1,1,1
820,Juzgado 61o de Paz Penal,,1,1,1
821,Juzgado 61o Penal ReclOte,,1,1,1
822,Juzgado 62o de lo Civil,,1,1,1
823,Juzgado 62o de Paz Penal,,1,1,1
824,Juzgado 62o Penal ReclSur,,1,1,1
825,Juzgado 63o de lo Civil,,1,1,1
826,Juzgado 63o de Paz Civil,,1,1,1
827,Juzgado 63o Penal ReclSur,,1,1,1
828,Juzgado 64o de lo Civil,,1,1,1
829,Juzgado 64o de Paz Penal,,1,1,1
830,Juzgado 64o Penal ReclSur,,1,1,1
831,Juzgado 65o de lo Civil,,1,1,1
832,Juzgado 65o de Paz Penal,,1,1,1
833,Juzgado 65o Penal ReclSur,,1,1,1
834,Juzgado 66o de lo Civil,,1,1,1
835,Juzgado 66o de Paz Civil,,1,1,1
836,Juzgado 66o Penal ReclSur,,1,1,1
837,Juzgado 67o de lo Civil,,1,1,1
838,Juzgado 67o de Paz Civil,,1,1,1
839,Juzgado 67o Penal Santa Martha Acatitla,,1,1,1
840,Juzgado 68o de lo Civil,,1,1,1
841,Juzgado 68o de Paz Civil,,1,1,1
842,Juzgado 68o Penal Santa Martha Acatitla,,1,1,1
843,Juzgado 69o de lo Civil,,1,1,1
844,Juzgado 69o Penal Santa Martha Acatitla,,1,1,1
845,Juzgado 6o Adolescentes Graves,,1,1,1
846,Juzgado 6o Adolescentes No Graves,,1,1,1
847,Juzgado 6o Civil de Cuantia Menor,,1,1,1
848,Juzgado 6o Civil Mercantil De Oralidad,,1,1,1
849,Juzgado 6o de lo Civil,,1,1,1
850,Juzgado 6o de lo Familiar,,1,1,1
851,Juzgado 6o de Paz Penal,,1,1,1
852,Juzgado 6o de Proceso Escrito en Justicia para Adolescentes,,1,1,1
853,Juzgado 6o Penal ReclNte,,1,1,1
854,Juzgado 70o de lo Civil,,1,1,1
855,Juzgado 71o de lo Civil,,1,1,1
856,Juzgado 72o de lo Civil,,1,1,1
857,Juzgado 73o de lo Civil,,1,1,1
858,Juzgado 74o de lo Civil,,1,1,1
859,Juzgado 75o de lo Civil,,1,1,1
860,Juzgado 76o de lo Civil,,1,1,1
861,Juzgado 77o de lo Civil,,1,1,1
862,Juzgado 78o de lo Civil,,1,1,1
863,Juzgado 79o de lo Civil,,1,1,1
864,Juzgado 7o Adolescentes Graves,,1,1,1
865,Juzgado 7o Civil de Cuantia Menor,,1,1,1
866,Juzgado 7o Civil Mercantil De Oralidad,,1,1,1
867,Juzgado 7o de lo Civil,,1,1,1
868,Juzgado 7o de lo Familiar,,1,1,1
869,Juzgado 7o de Paz Civil,,1,1,1
870,Juzgado 7o de Proceso Escrito en Justicia para Adolescentes,,1,1,1
871,Juzgado 7o de Proceso Escrito en Justicia para Adolescentes,,1,1,1
872,Juzgado 7o de Proceso Oral en Justicia para Adolescentes,,1,1,1
873,Juzgado 7o Penal ReclNte,,1,1,1
874,Juzgado 80o de lo Civil,,1,1,1
875,Juzgado 81o de lo Civil,,1,1,1
876,Juzgado 82o de lo Civil,,1,1,1
877,Juzgado 83o de lo Civil,,1,1,1
878,Juzgado 8o Adolescentes Graves,,1,1,1
879,Juzgado 8o Civil de Cuantia Menor,,1,1,1
880,Juzgado 8o Civil Mercantil De Oralidad,,1,1,1
881,Juzgado 8o de lo Civil,,1,1,1
882,Juzgado 8o de lo Familiar,,1,1,1
883,Juzgado 8o de Paz Civil,,1,1,1
884,Juzgado 8o de Proceso Escrito en Justicia para Adolescentes,,1,1,1
885,Juzgado 8o de Proceso Oral en Justicia para Adolescentes,,1,1,1
886,Juzgado 8o Penal ReclNte,,1,1,1
887,Juzgado 9o Civil de Cuantia Menor,,1,1,1
888,Juzgado 9o Civil Mercantil De Oralidad,,1,1,1
889,Juzgado 9o de Justicia Para Adolecentes Procedimiento Escrito,,1,1,1
890,Juzgado 9o de lo Civil,,1,1,1
891,Juzgado 9o de lo Familiar,,1,1,1
892,Juzgado 9o de Paz Penal,,1,1,1
893,Juzgado 9o de Proceso Escrito en Justicia para Adolescentes,,1,1,1
894,Juzgado 9oPenal ReclNte,,1,1,1
895,Juzgado Cuadragesimo Civil de Proceso Oral,,1,1,1
896,Juzgado Cuadragesimo Cuarto Civil de Proceso Oral,,1,1,1
897,Juzgado Cuadragésimo Cuarto de lo Civil,,1,1,1
898,Juzgado Cuadragesimo Penal Delitos No Graves,,1,1,1
899,Juzgado Cuadragesimo Primero Civil de Proceso Oral,,1,1,1
900,Juzgado Cuadragesimo Segundo Civil de Proceso Oral,,1,1,1
901,Juzgado Cuadragesimo Tercero Civil de Proceso Oral,,1,1,1
902,Juzgado Cuarto de Proceso Oral en Materia Civil-Mercantil,,1,1,1
903,Juzgado Cuarto de Proceso Oral en Materia Familiar,,1,1,1
904,Juzgado Cuarto Penal Delitos No Graves,,1,1,1
905,Juzgado Decimo Cuarto de Proceso Oral en Materia Civil-Mercant,,1,1,1
906,Juzgado Decimo Cuarto de Proceso Oral en Materia Familiar,,1,1,1
907,Juzgado Decimo Cuarto Penal Delitos No Graves,,1,1,1
908,Juzgado Decimo de Proceso Oral en Materia Civil-Mercantil,,1,1,1
909,Juzgado Decimo de Proceso Oral en Materia Familiar,,1,1,1
910,Juzgado Decimo Noveno de Proceso Oral en Materia Civil-Mercan,,1,1,1
911,Juzgado Decimo Noveno de Proceso Oral en Materia Familiar,,1,1,1
912,Juzgado Decimo Noveno Penal Delitos No Graves,,1,1,1
913,Juzgado Decimo Octavo de Proceso Oral en Materia Civil-Mercan,,1,1,1
914,Juzgado Decimo Octavo de Proceso Oral en Materia Familiar,,1,1,1
915,Juzgado Decimo Octavo Penal Delitos No Graves,,1,1,1
916,Juzgado Decimo Penal Delitos No Graves,,1,1,1
917,Juzgado Decimo Primero de Proceso Oral en Materia Civil-Mercan,,1,1,1
918,Juzgado Decimo Primero de Proceso Oral en Materia Familiar,,1,1,1
919,Juzgado Decimo Primero Penal Delitos No Graves,,1,1,1
920,Juzgado Decimo Quinto de Proceso Oral en Materia Civil-Mercant,,1,1,1
921,Juzgado Decimo Quinto de Proceso Oral en Materia Familiar,,1,1,1
922,Juzgado Decimo Quinto Penal Delitos No Graves,,1,1,1
923,Juzgado Decimo Segundo de Proceso Oral en Materia Civil-Mercan,,1,1,1
924,Juzgado Decimo Segundo de Proceso Oral en Materia Familiar,,1,1,1
925,Juzgado Decimo Septimo de Proceso Oral en Materia Civil-Mercan,,1,1,1
926,Juzgado Decimo Septimo de Proceso Oral en Materia Familiar,,1,1,1
927,Juzgado Decimo Septimo Penal Delitos No Graves,,1,1,1
928,Juzgado Decimo Sexto de Proceso Oral en Materia Civil-Mercanti,,1,1,1
929,Juzgado Decimo Sexto de Proceso Oral en Materia Familiar,,1,1,1
930,Juzgado Decimo Sexto Penal Delitos No Graves,,1,1,1
931,Juzgado Decimo Tercero de Proceso Oral en Materia Civil-Mercan,,1,1,1
932,Juzgado Decimo Tercero de Proceso Oral en Materia Familiar,,1,1,1
933,Juzgado Decimo Tercero Penal Delitos No Graves,,1,1,1
934,Juzgado Duodecimo Penal Delitos No Graves,,1,1,1
935,Juzgado Noveno de Proceso Oral en Materia Civil-Mercantil,,1,1,1
936,Juzgado Noveno de Proceso Oral en Materia Familiar,,1,1,1
937,Juzgado Noveno Penal Delitos No Graves,,1,1,1
938,Juzgado Octavo de Proceso Oral en Materia Civil-Mercantil,,1,1,1
939,Juzgado Octavo de Proceso Oral en Materia Familiar,,1,1,1
940,Juzgado Octavo Penal Delitos No Graves,,1,1,1
941,Juzgado Penal Delitos No Graves,,1,1,1
942,Juzgado Primero de Ejec.Medidas Sanc.en Transicion,,1,1,1
943,Juzgado Primero de Proceso Oral en Materia Civil-Mercantil,,1,1,1
944,Juzgado Primero de Proceso Oral en Materia Familiar,,1,1,1
945,Juzgado Primero Penal Delitos No Graves,,1,1,1
946,Juzgado Quinto de Proceso Oral en Materia Civil-Mercantil,,1,1,1
947,Juzgado Quinto de Proceso Oral en Materia Familiar,,1,1,1
948,Juzgado Quinto Penal Delitos No Graves,,1,1,1
949,Juzgado Segundo de Proceso Oral en Materia Civil-Mercantil,,1,1,1
950,Juzgado Segundo de Proceso Oral en Materia Familiar,,1,1,1
951,Juzgado Segundo Penal Delitos No Graves,,1,1,1
952,Juzgado Septimo de Proceso Oral en Materia Civil-Mercantil,,1,1,1
953,Juzgado Septimo de Proceso Oral en Materia Familiar,,1,1,1
954,Juzgado Septimo Penal Delitos No Graves,,1,1,1
955,Juzgado Sexto de Proceso Oral en Materia Civil-Mercantil,,1,1,1
956,Juzgado Sexto de Proceso Oral en Materia Familiar,,1,1,1
957,Juzgado Sexto Penal Delitos No Graves,,1,1,1
958,Juzgado Tercero de Proceso Oral en Materia Civil-Mercantil,,1,1,1
959,Juzgado Tercero de Proceso Oral en Materia Familiar,,1,1,1
960,Juzgado Tercero Penal Delitos No Graves,,1,1,1
961,Juzgado Trigesimo Civil de Proceso Oral,,1,1,1
962,Juzgado Trigesimo Cuarto Civil de Proceso Oral,,1,1,1
963,Juzgado Trigesimo Cuarto Penal Delitos No Graves,,1,1,1
964,Juzgado Trigesimo Noveno Civil de Proceso Oral,,1,1,1
965,Juzgado Trigesimo Noveno Penal Delitos No Graves,,1,1,1
966,Juzgado Trigesimo Octavo Civil de Proceso Oral,,1,1,1
967,Juzgado Trigesimo Octavo Penal Delitos No Graves,,1,1,1
968,Juzgado Trigesimo Penal Delitos No Graves,,1,1,1
969,Juzgado Trigesimo Primero Civil de Proceso Oral,,1,1,1
970,Juzgado Trigesimo Primero Penal Delitos No Graves,,1,1,1
971,Juzgado Trigesimo Quinto Civil de Proceso Oral,,1,1,1
972,Juzgado Trigesimo Quinto Penal Delitos No Graves,,1,1,1
973,Juzgado Trigesimo Segundo Civil de Proceso Oral,,1,1,1
974,Juzgado Trigesimo Segundo Penal Delitos No Graves,,1,1,1
975,Juzgado Trigesimo Septimo Civil de Proceso Oral,,1,1,1
976,Juzgado Trigesimo Septimo Penal Delitos No Graves,,1,1,1
977,Juzgado Trigesimo Sexto Civil de Proceso Oral,,1,1,1
978,Juzgado Trigesimo Sexto Penal Delitos No Graves,,1,1,1
979,Juzgado Trigesimo Tercero Civil de Proceso Oral,,1,1,1
980,Juzgado Trigesimo Tercero Penal Delitos No Graves,,1,1,1
981,Juzgado Unico de Transicion,,1,1,1
982,Juzgado Unico de Transicion Justicia para Adolescentes,,1,1,1
983,Juzgado Vigesimo Cuarto Civil de Proceso Oral,,1,1,1
984,Juzgado Vigesimo Cuarto Penal Delitos No Graves,,1,1,1
985,Juzgado Vigesimo de Proceso Oral en Materia Civil-Mercan,,1,1,1
986,Juzgado Vigesimo de Proceso Oral en Materia Familiar,,1,1,1
987,Juzgado Vigesimo Noveno Civil de Proceso Oral,,1,1,1
988,Juzgado Vigesimo Noveno Penal Delitos No Graves,,1,1,1
989,Juzgado Vigesimo Octavo Civil de Proceso Oral,,1,1,1
990,Juzgado Vigesimo Octavo Penal Delitos No Graves,,1,1,1
991,Juzgado Vigesimo Penal Delitos No Graves,,1,1,1
992,Juzgado Vigesimo Primero Civil de Proceso Oral,,1,1,1
993,Juzgado Vigesimo Primero Penal Delitos No Graves,,1,1,1
994,Juzgado Vigesimo Quinto Civil de Proceso Oral,,1,1,1
995,Juzgado Vigesimo Quinto Penal Delitos No Graves,,1,1,1
996,Juzgado Vigesimo Segundo Civil de Proceso Oral,,1,1,1
997,Juzgado Vigesimo Segundo Penal Delitos No Graves,,1,1,1
998,Juzgado Vigesimo Septimo Civil de Proceso Oral,,1,1,1
999,Juzgado Vigesimo Septimo Penal Delitos No Graves,,1,1,1
1000,Juzgado Vigesimo Sexto Civil de Proceso Oral,,1,1,1
1001,Juzgado Vigesimo Sexto Penal Delitos No Graves,,1,1,1
1002,Juzgado Vigesimo Tercero Civil de Proceso Oral,,1,1,1
1003,Juzgado Vigesimo Tercero Penal Delitos No Graves,,1,1,1
1004,Juzgados Civiles de Cuantia Menor,,1,1,1
1005,Juzgados Civiles Orales,,1,1,1
1006,Juzgados Civiles Orales,,1,1,1
1007,Juzgados de Ejecución de Sanciones,,1,1,1
1008,Juzgados de Ejecucion de Sentencias,,1,1,1
1009,Juzgados De Justicia Para Adolescentes,,1,1,1
1010,Juzgados de Paz,,1,1,1
1011,Juzgados de Paz Civil,,1,1,1
1012,Juzgados de Paz Penal,,1,1,1
1013,Juzgados de Primera Instancia,,1,1,1
1014,Juzgados de Primera Instancia Civiles,,1,1,1
1015,Juzgados de Primera Instancia Familiares,,1,1,1
1016,Juzgados de Primera Instancia Justicia para Adolescentes Grave,,1,1,1
1017,Juzgados de Primera Instancia Justicia para Adolescentes No grave,,1,1,1
1018,Juzgados de Primera Instancia Penales,,1,1,1
1019,Juzgados en Materia Oral Civil-Mercantil,,1,1,1
1020,Juzgados Orales Familiares,,1,1,1
1021,Juzgados Orales Penales,,1,1,1
1022,Mantenimiento,,9,1,1
1023,Mantenimiento y Servicios,,9,1,1
1024,Mesa de Plenos,,9,1,1
1025,Oficialía de Partes Común,OPC,9,1,1
1026,Oficialía de Partes de Presidencia,OPP,4,1,1
1027,Oficina de la Oficialía Mayor del TSJCDMX,OM,5,1,1
1028,Personal en Transicion,,9,1,1
1029,Personal Itinerante,,9,1,1
1030,Plazas Congeladas,,9,1,1
1031,Oficina de la Presidencia del Tribunal Superior de Justicia de la Ciudad de México y Áreas Auxiliares,,4,1,1
1032,Salas,,2,1,1
1033,Salas Civiles,,2,1,1
1034,Salas Especializadas en Materia de Ejecucion de Sanciones Penales,,2,1,1
1035,Salas Familiares,,2,1,1
1036,Salas Justicia para Adolescentes,,2,1,1
1037,Salas Penales,,2,1,1
1038,Secretaría General,,9,1,1
1039,Secretaría Privada De La Presidencia,,4,1,1
1040,Secretaría Técnica,,9,1,1
1041,Secretaría Técnica de la Comisión de Administración y Presupuesto,,9,1,1
1042,Secretaría Técnica de la Comisión de Disciplina Judicial,,9,1,1
1043,Secretarios Auxiliares de La Presidencia,,4,1,1
1044,Servicio Médico,,9,1,1
1045,Servicio Médico Forense,,9,1,1
1046,Sindicato de Trabajadores del Poder Judicial del DF,,9,1,1
1047,Subd de Control de Gestión,,9,1,1
1048,Subd de Evaluación y Supervisión,,9,1,1
1049,Subd de Relaciones Interinstitucionales,,9,1,1
1050,Subdir Analisis Registro,,9,1,1
1051,Subdir Apoyo Legal Generación Estadísticas,,9,1,1
1052,Subdir Apoyo Técnico Generación Estadísticas,,9,1,1
1053,Subdir Comunicaciones Procesales,,9,1,1
1054,Subdir Contrataciones,,9,1,1
1055,Subdir de Información y Estadística,,9,1,1
1056,Subdir Enajenación Confinamiento,,9,1,1
1057,Subdir Mediación Civil-Mercantil,,9,1,1
1058,Subdir Mediación Penal y de Justicia para Adolescentes,,9,1,1
1059,Subdir Normas y Conceptos Estadísticos,,9,1,1
1060,Subdir Operación Soporte Técnico a Oralidad,,9,1,1
1061,Subdir Operativa de Mediación Familiar,,9,1,1
1062,Subdir Unidad de Gestión y Seguimiento,,9,1,1
1063,Subdirección,,9,1,1
1064,Subdirección Administrativa,,9,1,1
1065,Subdirección Anales Jurisprudencia y Publicación del Boletín,,9,1,1
1066,Subdirección Control de Gestión,,9,1,1
1067,Subdirección de Administración de Riesgos,,9,1,1
1068,Subdirección de Amparos,,9,1,1
1069,Subdirección de Apoyo Técnico y Legal,,9,1,1
1070,Subdirección de Arquitectura de Sistemas,,9,1,1
1071,Subdirección de Asistencia y Atencion Psicologica,,9,1,1
1072,Subdirección de Asuntos Civiles,,9,1,1
1073,Subdirección de Asuntos Litigiosos,,9,1,1
1074,Subdirección de Atencion y Seguimiento a Causa,,9,1,1
1075,Subdirección de Audiencias y Atención a Usuarios,,9,1,1
1076,Subdirección de Capacitacitación y Desarrollo,,9,1,1
1077,Subdirección de Comunicaciones,,9,1,1
1078,Subdirección de Concentra Control Fondos,,9,1,1
1079,Subdirección de Consignaciones,,9,1,1
1080,Subdirección de Contabilidad,,9,1,1
1081,Subdirección de Control de Gestión,,9,1,1
1082,Subdirección de Control de Infraestructura,,9,1,1
1083,Subdirección de Control Vehicular,,9,1,1
1084,Subdirección de Control y Mantenimiento Vehicular,,9,1,1
1085,Subdireccion de Derechos Humanos,,9,1,1
1086,Subdireccion de Difusión y Eventos,,9,1,1
1087,Subdireccion de Educacion Continua y Servicio Social,,9,1,1
1088,Subdireccion de Egresos,,9,1,1
1089,Subdireccion de Ejecucion de Sanciones,,9,1,1
1090,Subdirección de Ejecucion de Sanciones,,9,1,1
1091,Subdirección de Ejecucion de Sistemas,,9,1,1
1092,Subdirección de Enlace,,9,1,1
1093,Subdirección de Evaluación,,9,1,1
1094,Subdirección de Evaluación Psicológica,,9,1,1
1095,Subdirección de Formacion Judicial e Investigación,,9,1,1
1096,Subdirección De Gestion De Proyectos,,9,1,1
1097,Subdirección de Información,,9,1,1
1098,Subdirección de Información Pública,,9,1,1
1099,Subdirección de Ingresos,,9,1,1
1100,Subdireccion de Insumos,,9,1,1
1101,Subdirección de Integración de Proyectos,,9,1,1
1102,Subdirección de Intervención Psicológica,,9,1,1
1103,Subdirección de Inventarios,,9,1,1
1104,Subdirección de Investigación y Análisis,,9,1,1
1105,Subdirección de Legislación y Documentación,,9,1,1
1106,Subdirección de Licitaciones y Costos,,9,1,1
1107,Subdirección de Mandamientos Judiciales,,9,1,1
1108,Subdirección de Mantenimiento,,9,1,1
1109,Subdirección de Operación de Movimientos de Personal,,9,1,1
1110,Subdirección de Orientacion Ciudadana,,9,1,1
1111,Subdirección de Politica Salarial,,9,1,1
1112,Subdirección de Prestaciones al Personal,,9,1,1
1113,Subdirección de Presupuesto,,9,1,1
1114,Subdirección de Procesos,,9,1,1
1115,Subdirección de Programación y Estadística,,9,1,1
1116,Subdirección de Programación y Evaluación,,9,1,1
1117,Subdirección de Proveeduría y Almacenes,,9,1,1
1118,Subdirección de Proyectos,,9,1,1
1119,Subdirección de Registro de Personal,,9,1,1
1120,Subdirección de Relaciones Laborales,,9,1,1
1121,Subdirección de Relaciones Públicas,,9,1,1
1122,Subdirección de Sala,,9,1,1
1123,Subdirección de Seguimiento,,9,1,1
1124,Subdirección de Seguridad,,9,1,1
1125,Subdirección de Seguridad Operativa,,9,1,1
1126,Subdirección de Servicios,,9,1,1
1127,Subdirección de Servicios Periciales,,9,1,1
1128,Subdirección de Sistemas,,9,1,1
1129,Subdirección de Soporte,,9,1,1
1130,Subdirección de Supervision de Obras,,9,1,1
1131,Subdirección de Unidad de Causa y Ejecuciones 1,,9,1,1
1132,Subdirección de Unidad de Causa y Ejecuciones 10,,9,1,1
1133,Subdirección de Unidad de Causa y Ejecuciones 11,,9,1,1
1134,Subdirección de Unidad de Causa y Ejecuciones 12,,9,1,1
1135,Subdirección de Unidad de Causa y Ejecuciones 2,,9,1,1
1136,Subdirección de Unidad de Causa y Ejecuciones 3,,9,1,1
1137,Subdirección de Unidad de Causa y Ejecuciones 4,,9,1,1
1138,Subdirección de Unidad de Causa y Ejecuciones 5,,9,1,1
1139,Subdirección de Unidad de Causa y Ejecuciones 6,,9,1,1
1140,Subdirección de Unidad de Causa y Ejecuciones 7,,9,1,1
1141,Subdirección de Unidad de Causa y Ejecuciones 8,,9,1,1
1142,Subdirección de Unidad de Causa y Ejecuciones 9,,9,1,1
1143,Subdirección de Unidad de Sala,,9,1,1
1144,Subdirección de Unidad de Sala 1,,9,1,1
1145,Subdirección de Unidad de Sala 10,,9,1,1
1146,Subdirección de Unidad de Sala 11,,9,1,1
1147,Subdirección de Unidad de Sala 12,,9,1,1
1148,Subdirección de Unidad de Sala 2,,9,1,1
1149,Subdirección de Unidad de Sala 3,,9,1,1
1150,Subdirección de Unidad de Sala 4,,9,1,1
1151,Subdirección de Unidad de Sala 5,,9,1,1
1152,Subdirección de Unidad de Sala 6,,9,1,1
1153,Subdirección de Unidad de Sala 9,,9,1,1
1154,Subdirección de Vinculacion,,9,1,1
1155,Subdirección del Boletin Judicial,,9,1,1
1156,Subdirección del CECOFAM Niños Héroes y Entrega Recepción de Niños,,9,1,1
1157,Subdirección del CECOFAM Plaza Juárez y Asistencia Técnica,,9,1,1
1158,Subdireccion Editorial,,9,1,1
1159,Subdirección Investigación Y Enseñanza,,9,1,1
1160,Subdireccion Juridica,,9,1,1
1161,Subdirección Jurídica,,9,1,1
1162,Subdirección Operación Infraestructura,,9,1,1
1163,Subdirección Operativa de Mediacion Civil y Comercial,,9,1,1
1164,Subdirección Operativa de Mediacion Familiar,,9,1,1
1165,Subdirección Operativa de Mediacion Penal,,9,1,1
1166,Subdirección para el Cobro de Multas Judiciales,,9,1,1
1167,Subdirección Plaza Juárez,,9,1,1
1168,Subdirección Tecnica,,9,1,1
1169,Subdirección Tecnologías Audiovisuales,,9,1,1
1170,Traslados y Adecuación,,9,1,1
1171,Unidad de Gestión Administrativa de la Sala Constitucional del Poder Judicial,,9,1,1
1172,Unidad de Gestión Judicial Especializada en Ejecución de Sanciones Penales T2 num. 4 Reclusorio Norte,,9,1,1
1173,Unidad de Gestión Judicial Especializada en Ejecución de Sanciones Penales T2 num. 5 Reclusorio Oriente,,9,1,1
1174,Unidad de Gestión Judicial Penal,,9,1,1
1175,Unidad de Apoyo Tecnológico,,9,1,1
1176,Unidad de Asesoramiento Psicológico,,9,1,1
1177,Unidad de Atencion Integral,,9,1,1
1178,Unidad de Contingencia 20-21,,9,1,1
1179,Unidad de Control de Gestión,,9,1,1
1180,Unidad de Gestión Administrativa UGA,,9,1,1
1181,Unidad de Gestión Judicial 1,,9,1,1
1182,Unidad de Gestión Judicial 10,,9,1,1
1183,Unidad de Gestión Judicial 11,,9,1,1
1184,Unidad de Gestión Judicial 12,,9,1,1
1185,Unidad de Gestión Judicial 2,,9,1,1
1186,Unidad de Gestión Judicial 3,,9,1,1
1187,Unidad de Gestión Judicial 4,,9,1,1
1188,Unidad de Gestión Judicial 5,,9,1,1
1189,Unidad de Gestión Judicial 6,,9,1,1
1190,Unidad de Gestión Judicial 7,,9,1,1
1191,Unidad de Gestión Judicial 8,,9,1,1
1192,Unidad de Gestión Judicial 9,,9,1,1
1193,Unidad de Gestión Judicial en Ejecución de Sanciones Penales Reclusorio Norte,,9,1,1
1194,Unidad de Gestión Judicial en Ejecución de Sanciones Penales Reclusorio Oriente,,9,1,1
1195,Unidad de Gestión Judicial en Ejecución de Sanciones Penales Sullivan,,9,1,1
1196,Unidad de Gestión Judicial para Tribunal de Alzada,,9,1,1
1197,Unidad de Gestión Judicial Tipo Dos número 13 Sullivan,,9,1,1
1198,Unidad de Gestión Judicial Tipo Dos número 14 Reclusorio Norte,,9,1,1
1199,Unidad de Gestión Judicial Tipo Dos número 15 Reclusorio Oriente,,9,1,1
1200,Unidad de Gestión Judicial Tipo Dos número 16 Reclusorio Sur,,9,1,1
1201,Unidad de Gestión y Seguimiento,,9,1,1
1202,Unidad de Informática y Videograbación,,9,1,1
1203,Unidad de Mediación,,9,1,1
1204,Unidad de Servicios Generales y Recursos Materiales,,9,1,1
1205,Unidad de Trabajo Social,,9,1,1
1206,Unidad de Transparencia del TSJCDMX,,9,1,1
1207,Visitaduría Judicial,,9,1,1
1208,Dirección General Jurídica,,9,1,1
1209,"Dirección de Oficialía de Partes Común Civil, Cuantía Menor, Oralidad, Familiar y Sección Salas",,9,1,1
1210,"Dirección de la Unidad de Gestión Judicial en Ejecución de Sanciones Penales ""Reclusorio Norte""",,9,1,1
1211,Unidad de Gestión Judicial en Materia de Justicia para Adolescentes,,9,1,1
1212,Unidad de Gestión Judicial en Materia de Ejecución de Medidas Sancionadoras,,9,1,1
1213,Dirección Ejecutiva de Orientación Ciudadana y Derechos Humanos,,9,1,1
1214,Unidad de Gestión Administrativa de Proceso Oral en Materia Familiar,,9,1,1
1215,Dirección de Seguridad,,9,1,1
1216,En Proceso de Adscripción,,9,1,1
1217,Unidad de Supervisión de Medidas Cautelares y Suspensión Condicional del Proceso,,9,1,1
1218,Unidad de Gestión Administrativa de Proceso Oral en Materia Familiar,,9,1,1
1219,Sala de Justicia para Adolescentes 2,,2,1,1
1220,Sala de Justicia para Adolescentes 1,,2,1,1
1221,Sistema Procesal Penal Acusatorio,,1,1,1
1222,Tribunal de Enjuiciamiento,,1,1,1
1223,Juzgado en Materia Penal de Proceso Escrito y de Tutela de Derechos Humanos de la Ciudad de México 2,,1,1,1
1224,Juzgado en Materia Penal de Proceso Escrito y de Tutela de Derechos Humanos de la Ciudad de México 6,,1,1,1
1225,Juzgado en Materia de Justicia para Adolescentes del Sistema Procesal Penal Acusatorio,,1,1,1
1226,Juzgado en Materia Civil de Proceso Oral y de Tutela de Derechos Humanos de la Ciudad de México 14,,1,1,1
1227,Juzgado en Materia Familiar de Proceso Oral y de Tutela de Derechos Humanos de la CDMX 7,,1,1,1
1228,Juzgado de Proceso Oral en Materia Familiar 1,,1,1,1
1229,Juzgado de Ejecución de Medidas Sancionadoras en Materia de Justicia para Adolescentes del Sistema Procesal Penal Acusatorio 1,,1,1,1
1230,Juzgado de Proceso Oral en Materia Familiar 3,,1,1,1
1231,Juzgado de Proceso Oral en Materia Familiar 6,,1,1,1
1232,Juzgado de Proceso Oral en Materia Familiar 5,,1,1,1
1233,Otro,,9,1,1
