iid_puesto,cdescripcion_puesto,iestatus,iid_usuario
1,Abogado,1,1
2,Abogado Titular,1,1
3,Administrador,1,1
4,Administrador en Materia Penal,1,1
5,Administrativo Especializado,1,1
6,Administrativo Judicial,1,1
7,Agente de Información,1,1
8,Agente de Seguridad,1,1
9,Almacénista,1,1
10,Analista de Abogacia,1,1
11,Analista de Sistemas Especializados de Cómputo,1,1
12,Analista Especializado,1,1
13,Analista Forense,1,1
14,Analista Judicial,1,1
15,Analista Programador de Sistemas Especializados de Cómputo,1,1
16,Analista Técnico,1,1
17,Antropólogo,1,1
18,Archivista,1,1
19,Archivista de Sala,1,1
20,"Asesor ""A""",1,1
21,"Asesor ""A"" de Presidencia",1,1
22,"Asesor ""C""",1,1
23,"Asesor (a) ""B""",1,1
24,Asesor de Presidencia,1,1
25,Asesor en Materia de Multas,1,1
26,Asesor Jurídico,1,1
27,Asistente Educativo,1,1
28,Auxiliar,1,1
29,Auxiliar Administrativo,1,1
30,Auxiliar Administrativo de Sala,1,1
31,Auxiliar de Actas,1,1
32,Auxiliar de Adecuación de la Pena,1,1
33,Auxiliar de Almacén,1,1
34,Auxiliar de Amparo,1,1
35,Auxiliar de Archivo,1,1
36,Auxiliar de Atención a Usuarios,1,1
37,Auxiliar de Audiencias,1,1
38,Auxiliar de Beneficios Penales,1,1
39,Auxiliar de Cocina,1,1
40,Auxiliar de Contabilidad,1,1
41,Auxiliar de Correspondencia,1,1
42,Auxiliar de Educadora,1,1
43,Auxiliar de Ejecución de Medidas Sanciónadoras,1,1
44,Auxiliar de Enfermeria,1,1
45,Auxiliar de Intendencia,1,1
46,Auxiliar de Inventarios,1,1
47,Auxiliar de Mantenimiento,1,1
48,Auxiliar de Valores,1,1
49,Auxiliar de Vigilancia y Cumplimiento de Medidas Sanciónadoras,1,1
50,Ayudante de Autopsias,1,1
51,Bibliotecario,1,1
52,Cabo de Construcción,1,1
53,Camillero,1,1
54,"Capturista ""B""",1,1
55,Cerrajero,1,1
56,Chofer,1,1
57,Chofer de Ambulancia,1,1
58,Chofer de Magistrado,1,1
59,Clasificador de Información,1,1
60,Clasificador Especializado de Información Judicial,1,1
61,Cocinera,1,1
62,Comisario de Sala,1,1
63,Conciliador de Juzgado,1,1
64,Conserje,1,1
65,Contador,1,1
66,Controlador de Accesos,1,1
67,Controlador de Asistencia,1,1
68,Controlador de Convenios de Mediación,1,1
69,Coordinador Administrativo,1,1
70,Coordinador de Asesores Sps-360,1,1
71,Coordinador de CENDI's,1,1
72,Coordinador de Comedores,1,1
73,Coordinador de Comunicación Social,1,1
74,Coordinador de Publicaciones,1,1
75,Coordinador de Verificación y Emergencia,1,1
76,Coordinador(a) de Inter. Especializada para Apoyo Judicial,1,1
77,Corrector,1,1
78,Criminologo Especializado en Sistema de Ejecución de Penas,1,1
79,Dactiloscopista,1,1
80,Dentista Cirujano,1,1
81,Despachador,1,1
82,Dibujante,1,1
83,Dictaminador Información Publica,1,1
84,Directora Consultiva,1,1
85,Director de Administración de Personal,1,1
86,Director de Administración Financiera,1,1
87,Director de Adquisiciones,1,1
88,Director de Amparos,1,1
89,Director de Anales Jurisprudencia y Publicaciones,1,1
90,Director de Archivo,1,1
91,Director de Area,1,1
92,Director de Atención y Seguimiento,1,1
93,Director de Capacitación y Desarrollo,1,1
94,Director de Carrera Judicial e Investigación,1,1
95,Director de Comunicaciones y Seguridad,1,1
96,Director de Consignaciones Civiles,1,1
97,Director de Contabilidad,1,1
98,Director de Derechos Humanos,1,1
99,Director de Desarrollo y Mantenimiento de Sistemas,1,1
100,Director de Editorial de Difusión y Eventos,1,1
101,Director Ejecutivo de Recursos Financieros,1,1
102,Director Ejecutivo de Recursos Humanos,1,1
103,Director Ejecutivo de Recursos Materiales,1,1
104,Director de Estadística,1,1
105,Director de Evaluación e Intervención Psicologica para Apoyo Judicial,1,1
106,DIrector de Gestión Tecnológica,1,1
107,Director de Información Publica,1,1
108,Director de Ingenieria y Soporte a la Oralidad,1,1
109,Director de la Oficialia de Partes Comun,1,1
110,Director de la Unidad de Gestión Administrativa,1,1
111,Director de la Unidad de Gestión Administrativa de la Sala Constituciónal del Poder Judicial de la Ciudad de Mexico,1,1
112,Director de la Unidad de Gestión Judicial,1,1
113,Director de la Unidad de Gestión Judicial en Materia de Ejecución de Medidas Sanciónadoras,1,1
114,Director de la Unidad de Gestión Judicial en Ejecución de Sanciones Penales,1,1
115,Director de la Unidad de Gestión Judicial en Materia de Ejecución de Medidas Sanciónadoras,1,1
116,Director de la Unidad de Gestión Judicial en Materia de Justicia para Adolescentes,1,1
117,Director de Mantenimiento y Servicios,1,1
118,Director de Mediación Privada y de Registro de Mediadores y Convenios,1,1
119,Director de Modernización,1,1
120,Director de Normatividad,1,1
121,Director de Obras,1,1
122,Director de Operación y Control,1,1
123,Director de Operación y Control del Pago,1,1
124,Director de Orientación Ciudadana y Genero,1,1
125,Director de Planeación,1,1
126,"Director de Presidencia ""A""",1,1
127,"Director de Presidencia ""B""",1,1
128,Director de Programación y Presupuesto,1,1
129,Director de Protección Civil,1,1
130,"Director de Recursos Materiales ""A""",1,1
131,Director de Relaciones Laborales y Prestaciones,1,1
132,Director de Seguridad y Vigilancia,1,1
133,Director de Turno de Consignaciones Penales y de Justicia para Adolescentes,1,1
134,Director del Boletín Judicial y Estadística,1,1
135,Director del Centro de Convivencia Familiar Supervisada,1,1
136,"Director del Centro de Justicia Alternativa ""A""",1,1
137,Director del Instituto de Ciencias Forenses,1,1
138,Director Editorial de Difusión y Eventos,1,1
139,Director Ejecutivo de Gestión Tecnológica,1,1
140,Director Ejecutivo de Orientación Ciudadana y Derechos Humanos,1,1
141,Director Ejecutivo de Planeación,1,1
142,Director General de Anales Jurisprudencia y Boletín Judicial,1,1
143,Director General del Centro de Justicia Alternativa,1,1
144,Director General del Instituto de Estudios Judiciales,1,1
145,Director General Judicial,1,1
146,Director General Jurídico,1,1
147,Director Jurídico,1,1
148,Director Litigioso,1,1
149,Director para el cobro de multas judiciales,1,1
150,Director Penal,1,1
151,Directora de Mediación Civil y Comercial,1,1
152,Diseñador Gráfico,1,1
153,Educadora,1,1
154,Electricista,1,1
155,Elevadorista,1,1
156,Encargada de Cocina,1,1
157,Encargado de Actas,1,1
158,Encargado de Amparos,1,1
159,Encargado de Archivo y Valores,1,1
160,Encargado de Cocina,1,1
161,Encargado de Comedor,1,1
162,Encargado de Mantenimiento,1,1
163,Encargado de Seguridad,1,1
164,Encargado de Tratamiento de Adicciones,1,1
165,Enfermera General,1,1
166,Especialista en Archivos,1,1
167,Especialista En Teleinformática,1,1
168,Estadigrafo,1,1
169,Farmaceutico,1,1
170,Fotografo,1,1
171,"Fotografo ""C""",1,1
172,"Fotografo ""D""",1,1
173,Gestor,1,1
174,Instructor Aerobics,1,1
175,Instructor Coro,1,1
176,Intendente,1,1
177,Investigador(a) Analista,1,1
178,Jefe de Agentes de Información,1,1
179,Jefe de Almacén,1,1
180,Jefe de Archivo,1,1
181,Jefe de Área de Contabilidad,1,1
182,Jefe de Área Pedagógica,1,1
183,Jefe de Dibujantes,1,1
184,Jefe de Elevadoristas,1,1
185,Jefe de Fotógrafos,1,1
186,Jefe de Intendentes,1,1
187,Jefe de la Oficina de la Presidencia,1,1
188,Jefe de Mesa,1,1
189,Jefe de Oficina,1,1
190,Jefe de Oficina de Sistemas de Computo,1,1
191,Jefe de Operadores de Computadoras,1,1
192,Jefe de Procedimientos de Amparos,1,1
193,Jefe de Sección,1,1
194,Jefe de Servicio de Teleinformática,1,1
195,Jefe de Unidad de Atención Integral,1,1
196,Jefe de Unidad Departamental,1,1
197,Jefe de Unidad Departamental 4a Sala Familiar,1,1
198,Jefe de Unidad Departamental 8A Sala Penal P1,1,1
199,Jefe de Unidad Departamental 8A Sala Penal P2,1,1
200,"Jefe de Unidad Departamental CENDI ""Cristina Pacheco""",1,1
201,"Jefe de Unidad Departamental CENDI ""Pino Suarez""",1,1
202,"Jefe de Unidad Departamental Centro de Justicia Alternativa ""A""",1,1
203,"Jefe de Unidad Departamental Centro de Justicia Alternativa ""B""",1,1
204,Jefe de Unidad Departamental de Acervo Bibliográfico,1,1
205,Jefe de Unidad Departamental de Actas,1,1
206,Jefe de Unidad Departamental de Actas y Resoluciones,1,1
207,Jefe de Unidad Departamental de Administración de Aplicaciones,1,1
208,Jefe de Unidad Departamental de Administración de la Red,1,1
209,Jefe de Unidad Departamental de Administración de Recursos Informáticos,1,1
210,Jefe de Unidad Departamental de Administración y Control Escolar,1,1
211,Jefe de Unidad Departamental de Análisis y Diseño,1,1
212,Jefe de Unidad Departamental de Aplicación y Diagnostico,1,1
213,Jefe de Unidad Departamental de Apoyo a Salas de Oralidad Penal,1,1
214,Jefe de Unidad Departamental de Apoyo Legal,1,1
215,Jefe de Unidad Departamental de Apoyo Legal para la Generación de Estadísticas,1,1
216,Jefe de Unidad Departamental de Apoyo Tecnológico para la Generación de Estadísticas,1,1
217,Jefe de Unidad Departamental de Archivo Laboral,1,1
218,Jefe de Unidad Departamental de Asesoria Jurídica y Comité Académico,1,1
219,Jefe de Unidad Departamental de Asistencia Técnica a Salas,1,1
220,Jefe de Unidad Departamental de Asuntos Laborales,1,1
221,Jefe de Unidad Departamental de Atención a Organos de Control,1,1
222,Jefe de Unidad Departamental de Atención a Usuarios,1,1
223,Jefe de Unidad Departamental de Atención al Público,1,1
224,Jefe de Unidad Departamental de Atención de Amparos y Apelaciones,1,1
225,Jefe de Unidad Departamental de Atención de Juicio Oral,1,1
226,Jefe de Unidad Departamental de Audiencias,1,1
227,Jefe de Unidad Departamental de Bajas y Reasignaciones,1,1
228,Jefe de Unidad Departamental de Base de Datos,1,1
229,Jefe de Unidad Departamental de Caja y Bancos,1,1
230,Jefe de Unidad Departamental de Clínica Forense,1,1
231,Jefe de Unidad Departamental de Comunicaciones Audiovisuales,1,1
232,Jefe de Unidad Departamental de Concursos y Contratos,1,1
233,Jefe de Unidad Departamental de Conformación de Proyectos,1,1
234,Jefe de Unidad Departamental de Contabilidad de Ingresos y Egresos,1,1
235,Jefe de Unidad Departamental de Control Audiovisual,1,1
236,Jefe de Unidad Departamental de Control de Almacénes,1,1
237,Jefe de Unidad Departamental de Control de Certificados,1,1
238,"Jefe de Unidad Departamental de Control de Gestión ""A""",1,1
239,"Jefe de Unidad Departamental de Control de Gestión ""B""",1,1
240,Jefe de Unidad Departamental de Control de Infraestructura y Servidores Hosting,1,1
241,Jefe de Unidad Departamental de Control de Ingresos y Egresos,1,1
242,Jefe de Unidad Departamental de Control de Inventarios,1,1
243,Jefe de Unidad Departamental de Control de Nóminas e Impuestos,1,1
244,Jefe de Unidad Departamental de Control de Servicio de Fotocopiado,1,1
245,Jefe de Unidad Departamental de Control Del Pago,1,1
246,Jefe de Unidad Departamental de Control y Evaluación de Programas,1,1
247,Jefe de Unidad Departamental de Control y Evaluación Programatica,1,1
248,"Jefe de Unidad Departamental de Control y Gestión ""A""",1,1
249,Jefe de Unidad Departamental de Cumplimiento de Amparos y Apelaciones,1,1
250,Jefe de Unidad Departamental de Difusión y Vinculación Tecnológica,1,1
251,Jefe de Unidad Departamental de Digitalización y Registro Documental,1,1
252,Jefe de Unidad Departamental de Diseño y Desarrollo de Programas,1,1
253,Jefe de Unidad Departamental de Documentación y Jurisprudencia,1,1
254,Jefe de Unidad Departamental de Energía Ininterrumpida,1,1
255,Jefe de Unidad Departamental de Estudios Salariales y de Puestos,1,1
256,Jefe de Unidad Departamental de Evaluación,1,1
257,Jefe de Unidad Departamental de Evaluación a Cargos Judiciales,1,1
258,Jefe de Unidad Departamental de Eventos Socio Culturales,1,1
259,Jefe de Unidad Departamental de Genero,1,1
260,Jefe de Unidad Departamental de Genética,1,1
261,Jefe de Unidad Departamental de Gestión Administrativa del Programa de Revinculación Familiar,1,1
262,Jefe de Unidad Departamental de Gestión de Ejecución,1,1
263,Jefe de Unidad Departamental de Gestión de Medidas Sanciónadoras,1,1
264,Jefe de Unidad Departamental de Gestión de Penas Traslados y Adecuación,1,1
265,Jefe de Unidad Departamental de Gestión Judicial Penal de Segunda Instancia,1,1
266,Jefe de Unidad Departamental de Gestión y Mejora Continua,1,1
267,Jefe de Unidad Departamental de Identificación,1,1
268,Jefe de Unidad Departamental de Información Publica A,1,1
269,Jefe de Unidad Departamental de Información y Estadística,1,1
270,Jefe de Unidad Departamental de Inscripción y Archivo de Convenios de Mediación,1,1
271,Jefe de Unidad Departamental de Instalación y Servicio,1,1
272,Jefe de Unidad Departamental de Intendencia,1,1
273,Jefe de Unidad Departamental de Investigación Judicial,1,1
274,Jefe de Unidad Departamental de Investigación Jurídica y Enlace,1,1
275,Jefe de Unidad Departamental de Investigación y Ensenanza,1,1
276,Jefe de Unidad Departamental de Invitaciones Restringidas,1,1
277,Jefe de Unidad Departamental de la Coordinación de Asesores de la Presidencia,1,1
278,"Jefe de Unidad Departamental de la Dirección de Oflia Ptes Comun C-F ""A""",1,1
279,"Jefe de Unidad Departamental de la Dirección de Oflia Ptes Comun C-F ""B""",1,1
280,Jefe de Unidad Departamental de la Dirección de Orientación Ciudadana y Derechos Humanos,1,1
281,"Jefe de Unidad Departamental de la Dirección Jurídica ""A""",1,1
282,"Jefe de Unidad Departamental de la la Dirección del Archivo Judicial ""A""",1,1
283,Jefe de Unidad Departamental de Laboratorio de Patologia,1,1
284,Jefe de Unidad Departamental de Licitaciones Publicas,1,1
285,Jefe de Unidad Departamental de Mantenimiento de Inmuebles,1,1
286,Jefe de Unidad Departamental de Mantenimiento de Hardware y Software,1,1
287,Jefe de Unidad Departamental de Mantenimiento de Maquinaria y Equipo,1,1
288,Jefe de Unidad Departamental de Mantenimientos Judiciales,1,1
289,Jefe de Unidad Departamental de Monitoreo de Medios Electrónicos,1,1
290,Jefe de Unidad Departamental de Movimientos de Personal,1,1
291,Jefe de Unidad Departamental de Normas y Conceptos Estadisticos,1,1
292,Jefe de Unidad Departamental de Notificaciones,1,1
293,Jefe de Unidad Departamental de Notificadores,1,1
294,"Jefe de Unidad Departamental de Obras ""A""",1,1
295,"Jefe de Unidad Departamental de Obras ""B""",1,1
296,Jefe de Unidad Departamental de Oficialia de Partes de la Presidencia,1,1
297,Jefe de Unidad Departamental de Operación de Oralidad Civil,1,1
298,Jefe de Unidad Departamental de Operación de Oralidad Penal,1,1
299,Jefe de Unidad Departamental de Operación del C5,1,1
300,Jefe de Unidad Departamental de Operación del Cambio,1,1
301,Jefe de Unidad Departamental de Pagos,1,1
302,Jefe de Unidad Departamental de Politicas y Administración de Directorio Activo,1,1
303,Jefe de Unidad Departamental de Prestaciones Economicas,1,1
304,Jefe de Unidad Departamental de Prestaciones Sociales y Económicas,1,1
305,Jefe de Unidad Departamental de Procesos de Nómina,1,1
306,Jefe de Unidad Departamental de Programación,1,1
307,Jefe de Unidad Departamental de Programación de Aplicaciones,1,1
308,"Jefe de Unidad Departamental de Protección Civil ""A""",1,1
309,Jefe de Unidad Departamental de Pruebas,1,1
310,Jefe de Unidad Departamental de Publicaciones,1,1
311,Jefe de Unidad Departamental de Recepción de Consignaciones,1,1
312,Jefe de Unidad Departamental de Recepción y Registro,1,1
313,Jefe de Unidad Departamental de Reclutamiento y Selección,1,1
314,"Jefe de Unidad Departamental de Recursos Financieros ""A""",1,1
315,"Jefe de Unidad Departamental de Recursos Financieros ""B""",1,1
316,"Jefe de Unidad Departamental de Recursos Financieros ""C""",1,1
317,"Jefe de Unidad Departamental de Recursos Financieros ""D""",1,1
318,"Jefe de Unidad Departamental de Recursos Materiales ""A""",1,1
319,"Jefe de Unidad Departamental de Recursos Materiales ""B""",1,1
320,Jefe de Unidad Departamental de Registro de Ingresos,1,1
321,Jefe de Unidad Departamental de Registro y Filiación,1,1
322,Jefe de Unidad Departamental de Relaciones Interinstitucionales,1,1
323,Jefe de Unidad Departamental de Relaciones Laborales,1,1
324,Jefe de Unidad Departamental de Relaciones Publicas,1,1
325,Jefe de Unidad Departamental de Remuneraciones e Impuestos,1,1
326,Jefe de Unidad Departamental de Salas y Audiencias,1,1
327,Jefe de Unidad Departamental de Seguimiento y Control,1,1
328,"Jefe de Unidad Departamental de Seguridad ""A""",1,1
329,Jefe de Unidad Departamental de Seguridad Informática,1,1
330,Jefe de Unidad Departamental de Servicio A Usuarios,1,1
331,Jefe de Unidad Departamental de Servicio Medico Preventivo,1,1
332,Jefe de Unidad Departamental de Servicio Social y Prácticas Profesionales,1,1
333,Jefe de Unidad Departamental de Servicios Generales y Recursos Materiales,1,1
334,Jefe de Unidad Departamental de Síntesis y Análisis de la Información,1,1
335,Jefe de Unidad Departamental de Sistemas Administrativos,1,1
336,Jefe de Unidad Departamental de Sistemas Audiovisuales de Seguridad,1,1
337,Jefe de Unidad Departamental de Soporte Oralidad Familiar,1,1
338,Jefe de Unidad Departamental de Supervision de Servicios Contratados,1,1
339,Jefe de Unidad Departamental de Terapia para Adultos,1,1
340,"Jefe de Unidad Departamental de Terapia para Niñas, Niños y Adolescentes",1,1
341,Jefe de Unidad Departamental de Trabajo Social,1,1
342,Jefe de Unidad Departamental de Tramite Documental,1,1
343,Jefe de Unidad Departamental de Transferencia Tecnológica,1,1
344,Jefe de Unidad Departamental de Tratamiento de las Adicciones,1,1
345,"Jefe de Unidad Departamental de Turno Consig Penal ""A""",1,1
346,"Jefe de Unidad Departamental de Turno Consig Penal ""B""",1,1
347,Jefe de Unidad Departamental de Verificación y Entrega de Certificados,1,1
348,Jefe de Unidad Departamental de Vigilancia de Sustitutivos y Beneficios Penales,1,1
349,Jefe de Unidad Departamental de Vigilancia y Cumplimiento de Medidas Sanciónadoras,1,1
350,"Jefe de Unidad Departamental del Instituto de Estudios Judiciales ""A""",1,1
351,"Jefe de Unidad Departamental del Instituto de Estudios Judiciales ""B""",1,1
352,"Jefe de Unidad Departamental del Instituto de Estudios Judiciales ""C""",1,1
353,Jefe de Unidad Departamental de Logistica de la UGA,1,1
354,Jefe de Unidad Departamental Laboratorio de Química,1,1
355,Jefe de Unidad Departamental para el cobro de multas judiciales,1,1
356,"Jefe de Unidad Departamental de Anales de Juriprudencia y Boletín Judicial ""A""",1,1
357,"Jefe de Unidad Departamental de Anales de Juriprudencia y Boletín Judicial ""B""",1,1
358,"Jefe de Unidad Departamental de Anales de Juriprudencia y Boletín Judicial ""C""",1,1
359,"Jefe de Unidad Departamental de Anales de Juriprudencia y Boletín Judicial ""D""",1,1
360,Jefe de Vigilantes,1,1
361,Jefe Mesa Control de Expedientes Juzgado 1A Inst,1,1
362,Jefe Mesa Control de Expedientes Juzgado Paz,1,1
363,Jefe Mesa Control de Expedientes Sala,1,1
364,Jefe Unidad Departamental de Control Administrativo,1,1
365,Jefe Unidad Departamental de Convivencia Externa,1,1
366,Juez Civil de Cuantia Menor,1,1
367,Juez Civil de Primera Instancia,1,1
368,Juez de Arrendamiento Inmobiliario de Primera Instancia,1,1
369,Juez de Delitos no Graves,1,1
370,Juez de Ejecución de Sanciones Penales,1,1
371,Juez en Materia Penal del Sistema Procesal Penal Acusatorio,1,1
372,Juez Familiar de Primera Instancia,1,1
373,Juez Justicia Para Adolescentes de Primera Instancia,1,1
374,Juez Oral Civil-Mercantil de Primera Instancia,1,1
375,Juez Penal de Delitos No Graves,1,1
376,Juez Penal de Primera Instancia,1,1
377,Juezas y Jueces de la CDMX de Primera Instancia,1,1
378,Laboratorista,1,1
379,Laboratorista de Fotografia,1,1
380,Laboratorista Especializado,1,1
381,Lavandera,1,1
382,"Lider Coordinador de Proyectos ""A""",1,1
383,"Lider Coordinador de Proyectos ""C""",1,1
384,Magistrado Civil,1,1
385,Magistrado Familiar,1,1
386,Magistrado Justicia Para Adolescentes,1,1
387,Magistrado Penal,1,1
388,Mantenimiento y Servicios,1,1
389,Mecanico Electricista,1,1
390,Mecanografa,1,1
391,Mecanografa Especializada,1,1
392,Mediador,1,1
393,Medico Especialista,1,1
394,Medico Especializado en Sistema de Ejecución de Penas,1,1
395,Medico General,1,1
396,Mensajero,1,1
397,Mesa de Plenos,1,1
398,Motociclista de La Oficina de Sps-360,1,1
399,Niñera,1,1
400,Notificador,1,1
401,Nutriólogo,1,1
402,Oficial de Mantenimiento,1,1
403,Oficial de Servicios Generales,1,1
404,Oficial Mayor,1,1
405,Oficial Notificador,1,1
406,Operador de Terminal de Teleproceso,1,1
407,Operador Maquina Reproducción,1,1
408,Orientador,1,1
409,Pasante de Derecho,1,1
410,Pasante de Trabajo Social,1,1
411,Patologo Forense,1,1
412,Pedagogo Especializado en Sistema de Ejecución de Penas,1,1
413,Peon de Limpia,1,1
414,Perito Forense,1,1
415,Perito Laboratorista,1,1
416,Perito Médico Forense,1,1
417,Perito Odontólogo Forense,1,1
418,Perito Químico Forense,1,1
419,Personal de Mantenimiento,1,1
420,Plomero,1,1
421,Presidente del TSJ de la CDMX,1,1
422,Primer Secretario de Acuerdos de la Presidencia y el Pleno,1,1
423,Profesional Administrativo,1,1
424,Profesional Dictaminador de Servicios Especializados,1,1
425,Profesional Dictaminador de Servicios Especializados Evaluador,1,1
426,Profesional Ejecutivo de Servicios Especializados,1,1
427,Profesional Especializado en Procesos de Nómina,1,1
428,Profesionista Administrativo,1,1
429,Profesor,1,1
430,Psicologo,1,1
431,Psicologo Especializado,1,1
432,Psicologo Especializado en Sistema de Ejecución de Penas,1,1
433,Psiquiatra Especializado en Sistema de Ejecución de Penas,1,1
434,Puericultista,1,1
435,Químico,1,1
436,Recepciónista,1,1
437,Repartidor de Boletín Judicial,1,1
438,Responsable de Control de Gestión,1,1
439,Secretaria Adjunta del Presidente,1,1
440,Secretaria Auxiliar de Director de Area,1,1
441,Secretaria Auxiliar de Magistrado,1,1
442,Secretaria Auxiliar de Presidencia,1,1
443,Secretaria de Director de Area,1,1
444,Secretaria de Director General,1,1
445,Secretaria de Jefe de Departamento,1,1
446,Secretaria de Jefe de Oficina,1,1
447,Secretaria de Magistrado,1,1
448,Segunda Secretaria de Acuerdos de la Presidencia y del Pleno,1,1
449,Secretaria de Secretario de Acuerdos de Sala,1,1
450,Secretaria de Secretario Proyectista de Sala,1,1
451,Secretaria de Subdirector de Area,1,1
452,Secretaria Particular,1,1
453,Secretaria Privada de la Presidenica,1,1
454,Secretario Actuario de Juzgado 1A Instancia Arrendamiento Inmobiliario,1,1
455,Secretario Actuario de Juzgado 1A Instancia Civil,1,1
456,Secretario Actuario de Juzgado 1A Instancia Familiar,1,1
457,Secretario Actuario de Juzgado 1A Instancia Justicia Para Adolescentes,1,1
458,Secretario Actuario de Juzgado 1A Instancia Penal,1,1
459,Secretario Actuario de Juzgado de 1a Instancia de Ejecución,1,1
460,Secretario Actuario de Juzgado de Paz Civil,1,1
461,Secretario Actuario de Juzgado de Paz Penal,1,1
462,Secretario Actuario de Juzgado Oral Civil-Mercantil de 1a Instancia,1,1
463,Secretario Actuario de Sala Civil,1,1
464,Secretario Actuario de Sala Familiar,1,1
465,Secretario Actuario de Sala Justicia Para Adolescentes,1,1
466,Secretario Actuario de Sala Penal,1,1
467,Secretario Auxiliar,1,1
468,Secretario Auxiliar de Acuerdos,1,1
469,Secretario Auxiliar de Juzgado de Proceso Oral Familiar,1,1
470,Secretario Auxiliar de Secretario de Acuerdos de Sala,1,1
471,Secretario Auxiliar Judicial,1,1
472,Secretario de Acuerdos de Juzgado 1A Instancia Arrendamiento Inmobiliario,1,1
473,Secretario de Acuerdos de Juzgado 1A Instancia Civil,1,1
474,Secretario de Acuerdos de Juzgado 1a Instancia de Ejecución,1,1
475,Secretario de Acuerdos de Juzgado 1A Instancia Familiar,1,1
476,Secretario de Acuerdos de Juzgado 1A Instancia Justicia Para Adolescentes,1,1
477,Secretario de Acuerdos de Juzgado 1A Instancia Penal,1,1
478,Secretario de Acuerdos de Juzgado 1A Instancia Volante,1,1
479,Secretario de Acuerdos de Juzgado de Ejecución de Sentencias,1,1
480,Secretario de Acuerdos de Juzgado de Paz Civil,1,1
481,Secretario de Acuerdos de Juzgado de Paz Penal,1,1
482,Secretario de Acuerdos de Juzgado Oral Civil-Mercantil de 1a Instancia,1,1
483,Secretario de Acuerdos de Sala Civil,1,1
484,Secretario de Acuerdos de Sala Familiar,1,1
485,Secretario de Acuerdos de Sala Justicia Para Adolescentes,1,1
486,Secretario de Acuerdos de Sala Penal,1,1
487,Secretario de Acuerdos Titular Unidad de Gestión Judicial Tipo 2,1,1
488,Secretario Judicial de Proceso Oral Familiar,1,1
489,Secretario Particular del Presidente TSJ,1,1
490,Secretario Proyectista de Juzgado 1A Instancia Arrendamiento Inmobiliario,1,1
491,Secretario Proyectista de Juzgado 1A Instancia Civil,1,1
492,Secretario Proyectista de Juzgado 1A Instancia Familiar,1,1
493,Secretario Proyectista de Juzgado 1A Instancia Justicia Para Adolescentes,1,1
494,Secretario Proyectista de Juzgado 1A Instancia Penal,1,1
495,Secretario Proyectista de Juzgado de Ejecución de Sentencias,1,1
496,Secretario Proyectista de Juzgado de Paz Civil,1,1
497,Secretario Proyectista de Juzgado de Paz Penal,1,1
498,Secretario Proyectista de Sala Civil,1,1
499,Secretario Proyectista de Sala Familiar,1,1
500,Secretario Proyectista de Sala Justicia Para Adolescentes,1,1
501,Secretario Proyectista de Sala Penal,1,1
502,Secretario Técnico de Presidencia,1,1
503,Secretario(a) de Director General Judicial,1,1
504,Sociologo Especializado en Sistema de Ejecución de Penas,1,1
505,Subdirector de Evaluación,1,1
506,Subdirector Técnico,1,1
507,Subdirector Administrativo,1,1
508,Subdirector de Administración de Riesgos,1,1
509,Subdirector de Amparos,1,1
510,Subdirector de Anales de Jurisprudencia y Boletín Judicial,1,1
511,Subdirector de Anales de Jurisprudencia y Publicaciones,1,1
512,Subdirector de Area,1,1
513,Subdirector de Arquitectura de Sistemas,1,1
514,Subdirector de Asuntos Civiles,1,1
515,Subdirector de Asuntos Litigiosos,1,1
516,Subdirector de Atención y Seguimiento a Causa,1,1
517,Subdirector de Audiencias y Atención a Usuarios,1,1
518,Subdirector de Comunicaciones,1,1
519,Subdirector de Comunicaciones Procesales,1,1
520,Subdirector de Concentración y Control de Fondos,1,1
521,Subdirector de Contabilidad,1,1
522,Subdirector de Control de Gestión,1,1
523,Subdirector de Control de Infraestructura,1,1
524,Subdirector de Control y Mantenimiento Vehicular,1,1
525,Subdirector de Desarrollo Humano,1,1
526,Subdirector de Ejecución de Sanciones,1,1
527,Subdirector de Ejecución de Sistemas,1,1
528,Subdirectora de Evaluación Psicológica,1,1
529,Subdirector de Formación Judicial e Investigación,1,1
530,Subdirector de Género,1,1
531,Subdirector de Gestión de Proyectos,1,1
532,Subdirector de Gestión y Trámite,1,1
533,Subdirector de Información,1,1
534,Subdirector de Información Pública,1,1
535,Subdirector de Insumos,1,1
536,Subdirector de Integración de Proyectos,1,1
537,Subdirector de Inventarios,1,1
538,Subdirector de Investigación y Análisis,1,1
539,Subdirector de Investigación y Enseñanza,1,1
540,Subdirector de Legislación y Documentación,1,1
541,Subdirector de Mantenimiento,1,1
542,"Subdirector de Mantenimiento y Servicios ""Plaza Juarez""",1,1
543,"Subdirector de Obras ""A""",1,1
544,Subdirector de Oficialia de Partes Comun,1,1
545,"Subdirector de Oficialia Mayor ""A""",1,1
546,Subdirector de Operación de Infraestructura,1,1
547,Subdirector de Operación y Soporte Técnico a la Oralidad,1,1
548,Subdirector de Operaciones de Movimientos de Personal,1,1
549,"Subdirector de Orientación Ciudadana y Derechos Humanos ""A""",1,1
550,Subdirector de Politica Salarial,1,1
551,"Subdirector de Presidencia ""B""",1,1
552,Subdirector de Prestaciones Al Personal,1,1
553,Subdirector de Prevención de Riesgos Emergencias,1,1
554,Subdirector de Procesos,1,1
555,Subdirector de Programación y Evaluación,1,1
556,Subdirector de Proveeduria y Almacénes,1,1
557,Subdirector de Proyectos,1,1
558,Subdirector de Proyectos Especiales,1,1
559,"Subdirector de Recursos Financieros ""A""",1,1
560,"Subdirector de Recursos Financieros ""B""",1,1
561,"Subdirector de Recursos Materiales ""A""",1,1
562,Subdirector de Registro de Personal,1,1
563,Subdirector de Relaciones Laborales,1,1
564,Subdirector de Relaciones Publicas,1,1
565,Subdirector de Sala,1,1
566,Subdirector de Seguimiento,1,1
567,Subdirector de Seguimiento Administrativo,1,1
568,Subdirector de Seguridad,1,1
569,Subdirector de Servicios,1,1
570,Subdirector de Servicios Periciales,1,1
571,Subdirector de Supervision de Obra,1,1
572,Subdirector de Tecnologías Audiovisuales,1,1
573,Subdirector de Trabajo Social,1,1
574,Subdirector de Turno de Consignaciones y Mandamientos Judiciales,1,1
575,Subdirector de Vinculación,1,1
576,Subdirector del Boletín Judicial,1,1
577,Subdirector del CECOFAM Niños Héroes y Entrega-Recepción de Niñas Niños y Adolescentes,1,1
578,"Subdirector del Instituto de Estudios Judiciales ""A""",1,1
579,Subdirector Editorial,1,1
580,Subdirector Jurídica,1,1
581,Subdirector para el cobro de multas judiciales,1,1
582,"Subdirectora CENDI ""Cristina Pacheco""",1,1
583,"Subdirectora Centro de Justicia Alternativa ""A""",1,1
584,"Subdirectora Centro de Justicia Alternativa ""C""",1,1
585,"Subdirectora de Bilblioteca ""Plaza Juarez""",1,1
586,Subdirectora de Centro de Convivencia Familiar Supervisada,1,1
587,Subdirectora de la Unidad de Gestión y Seguimiento,1,1
588,"Subdirectora de Presidencia ""A""",1,1
589,Supervisor,1,1
590,Supervisor Administrativo,1,1
591,Supervisor de Intendencia,1,1
592,Supervisor de Teleinformática,1,1
593,Supervisor Judicial de Teleinformática,1,1
594,Supervisor Técnico,1,1
595,Taquimecanografa,1,1
596,Técnico,1,1
597,Técnico de Servicios Administrativos,1,1
598,Técnico en Mantenimiento de Maquinaria y Equipo Especializado,1,1
599,Técnico en Procesos de Acreditación,1,1
600,Técnico Especializado,1,1
601,Técnico Hispatologo,1,1
602,Técnico Investigador de Ciencias Jurídicas,1,1
603,Técnico Investigador en Tecnologías,1,1
604,"Técnico Necropsia ""A""",1,1
605,Técnico Radiologo,1,1
606,Tipografo,1,1
607,Titular de Cendi,1,1
608,Trabajador Social,1,1
609,Trabajador Social Especializado de Sistema de Ejecución de Penas,1,1
610,Trabajador(a) Social Especializado(a),1,1
611,Trabajadora Social,1,1
612,Verificador En Balística,1,1
613,Vigilante,1,1
614,Director Ejecutivo de Obras Mantenimiento y Servicios,1,1
615,Directora del Archivo Judicial de la Ciudad de México y del Registro Público de Avisos Judiciales,1,1
616,"Directora de Oficialía de Partes Común Civil, Cuantía Menor, Oralidad, Familiar y Sección Salas",1,1
617,"Director de la Unidad de Gestión Judicial en Ejecución de Sanciones Penales ""Reclusorio Norte""",1,1
618,Director Civil,1,1
619,Director de la Unidad de Supervisión de Medidas Cautelares y Suspensión Condicional del Proceso,1,1
620,Directora de Facilitación Penal y de Justicia para Adolescentes,1,1
621,Directora de Desarrollo Organizacional,1,1
622,Secretario Privado de la Presidenica,1,1
623,Director de Mediación Familiar,1,1
624,Directora de Mediación Civil-Mercantil,1,1
625,Director de la Unidad de Transparencia del TSJCDMX,1,1
626,"Director de Relaciones Interinstitucionales, Difusión, Protocolo y Eventos",1,1
627,"Directora de Gestión Judicial en Materia Penal ""B""",1,1
628,Directora de Estadística de la Presidencia,1,1
629,Director de Normatividad  y Modernización de Procesos Administrativos de la Gestión Judicial,1,1
630,Director de Apoyo Legal y Destino Final de Bienes Decomisados,1,1
631,Directora de Política Salarial y Pagos,1,1
632,Director de Unidades de Gestión Judicial Adultos,1,1
633,Director de la Unidad de Gestión Administrativa de Proceso Oral en Materia Familiar,1,1
634,Directora de Atención y Seguimiento de Asuntos,1,1
635,Director de Seguridad,1,1
636,Subdirector de Clínica Forense y de Laboratorios,1,1
637,"Titular de Cendi ""Patricia Atala de Elias""",1,1
638,"Titular de Cendi ""Niños Héroes""",1,1
639,"Titular de Cendi ""Gloria Leduc de Aguero""",1,1
640,"Titular de Cendi ""José María Pino Suárez""",1,1
641,"Titular de Cendi ""Cristina Pacheco""",1,1
642,Subdirector de Tanatología,1,1
643,Dictaminadora,1,1
644,Dictaminador,1,1
645,Subdirectora de Acervo Bibliográfico y Legislativo,1,1
646,Subdirectora de Orientación Ciudadana,1,1
647,Subdirector de Programación y Enlace,1,1
648,Subdirectora de Mediación Familiar,1,1
649,Subdirectora de Capacitación,1,1
650,"Subdirector de Turno de Consignaciones, Mandamientos Judiciales, Delitos No Graves y Narcomenudeo",1,1
651,Subdirector de Normas y Conceptos Estadísticos,1,1
652,Subdirector de Licitaciones y Costos,1,1
653,Jefa de Unidad Departamental de Adquisiciones,1,1
654,Subdirector de Enajenación y Confinamiento,1,1
655,"Subdirector de Aquisiciones ""A""",1,1
656,"Subdirector de Aquisiciones ""B""",1,1
657,Subdirector de Análisis y Registro,1,1
658,Subdirector de Contrataciones,1,1
659,Jefa de Unidad Departamental de Contratos y Pedidos,1,1
660,Jefa de Unidad Departamental de Control de la Calidad y Recepción de Bienes,1,1
661,Jefa de Unidad Departamental de Destino Final de Bienes,1,1
662,Jefe de Unidad Departamental de Control Presupuestal,1,1
663,Jefa de Unidad Departamental de Análisis y Registro,1,1
664,Subdirector de Ingresos,1,1
665,Subdirector de Planeación Financiera,1,1
666,Subdirector de Presupuesto,1,1
667,Subdirectora de Control y Ejecución de Multas,1,1
668,Subdirector de Egresos,1,1
669,Jefe de Unidad Departamental del Área de Cobranza Coactiva,1,1
670,Jefe de Unidad Departamental del Área de Control de Multas,1,1
671,Jefa de Unidad Departamental de Registro y Control de Trámites,1,1
672,Jefa de Unidad Departamental de Ejecución del Gasto,1,1
673,Jefa de Unidad Departamental de Normatividad y Programación Financiera,1,1
674,Jefa de Unidad Departamental de Control y Evaluación Programática,1,1
675,Subdirector de Justicia para Adolescentes,1,1
676,Subdirectora de Relaciones Interinstitucionales,1,1
677,"Subdirectora de Gestión Judicial en Materia Penal ""A2""",1,1
678,Subdirectora de Derechos Humanos,1,1
679,"Subdirectora de Gestión Judicial en Materia Penal ""B2""",1,1
680,Subdirectora de Supervisión Zona Norponiente,1,1
681,Subdirector de Apoyo Tecnológico para la Generación de Estadística,1,1
682,Subdirector de Supervisión Zona Suroriente,1,1
683,Subdirectora de Programas Académicos,1,1
684,Subdirector de Intervención Psicológica,1,1
685,Subdirectora de Capital Humano,1,1
686,Subdirector de Operación y Control de Pagos,1,1
687,Coordinador de Inmuebles,1,1
688,Subdirectora de Prestaciones,1,1
689,Subdirector de Control Vehicular,1,1
690,Subdirector de la Unidad de Transparencia,1,1
691,"Subdirector de Gestión Judicial en Materia Penal ""A1""",1,1
692,Subdirector de Mediación Civil-Mercantil,1,1
693,"Subdirector de Turno de Consignaciones, Justicia para Adolescentes y Ejecución de Sanciones Penales",1,1
694,Coordinador de Procesos de Evaluación,1,1
695,Subdirectora del CECOFAM Niños Héroes,1,1
696,Subdirectora de Relaciones Interinstitucionales y Difusión,1,1
697,Subdirector Operativo,1,1
698,"Subdirectora de Gestión Judicial en Materia Penal ""B1""",1,1
699,Subdirector de Información y Estadística,1,1
700,Subdirector del CECOFAM Plaza Juárez,1,1
701,Subdirectora de Enlace,1,1
702,Subdirector de Oficialía de Partes,1,1
703,Subdirectora de Protocolo y Coordinación de Eventos,1,1
704,Subdirector de Facilitación Penal y de Justicia para Adolescentes,1,1
705,Subdirectora de Apoyo Legal para la Generación de Estadística,1,1
706,Subdirector de la Unidad de Gestión y Seguimiento,1,1
707,"Abogada Civil ""B""",1,1
708,"Abogada Litigiosa ""B""",1,1
709,"Abogada de Amparos ""A""",1,1
710,"Abogado Penal ""B""",1,1
711,"Abogado Penal ""A""",1,1
712,"Abogada Litigiosa ""C""",1,1
713,"Abogado Litigioso ""A""",1,1
714,Jefa de Unidad Departamental de Servicios de Tanatología,1,1
715,Jefa de Unidad Departamental de Anfiteatro y Patología,1,1
716,Jefe de Unidad Departamental de Seguros,1,1
717,Jefa de Unidad Departamental de Control de Gestión,1,1
718,Jefe de Unidad Departamental de Protocolo,1,1
719,"Jefa de Unidad Departamental de Seguimiento de Ejecución a Sentenciados ""A""",1,1
720,Jefa de Unidad Departamental de Edición e Impresión,1,1
721,Jefa de Unidad Departamental de Consignaciones de Justicia para Adolescentes,1,1
722,"Mediador Civil-Mercantil ""B""",1,1
723,"Jefa de Unidad Departamental de Seguimiento de Ejecución a Sentenciados ""B""",1,1
724,Jefe de Unidad Departamental de Administración La Viga,1,1
725,Jefe de Unidad Departamental de Normatividad Laboral e Incidencias,1,1
726,Jefe de Unidad Departamental de lo Civil,1,1
727,"Facilitador Penal y de Justicia para Adolescentes ""E""",1,1
728,"Mediadora Civil-Mercantil ""C""",1,1
729,"Mediadora Civil-Mercantil ""F""",1,1
730,"Mediador Familiar ""G""",1,1
731,Jefa de Unidad Departamental de Gestión Administrativa,1,1
732,"Jefa de Unidad Departamental de Espacios Semi-libres y Entrega-Recepción de Niñas, Niños y Adolescentes",1,1
733,Jefa de Unidad Departamental de Programas Básicos,1,1
734,"Mediadora Civil-Mercantil ""D""",1,1
735,Jefa de Unidad Departamental de Seguimiento de Amparos y Apelaciones,1,1
736,Jefa de Unidad Departamental de Mandamientos Judiciales,1,1
737,Jefe de Unidad Departamental de Coordinación de Programas de Capacitación,1,1
738,Jefe de Unidad Departamental de Ejecución de Sanciones Penales Reclusorio Sur,1,1
739,"Jefa de Unidad Departamental de Radicaciones, Actas y Transcripciones",1,1
740,Jefa de Unidad Departamental de Administración Reclusorio Norte,1,1
741,Jefa de Unidad Departamental de Salas,1,1
742,Jefe de Unidad Departamental de Consignaciones de Delitos No Graves y Narcomenudeo,1,1
743,Jefe de Unidad Departamental de Administración Reclusorio Sur,1,1
744,Jefa de Unidad Departamental de Seguimiento de Programas Académicos,1,1
745,Jefe de Unidad Departamental de Seguridad,1,1
746,Coordinador,1,1
747,Jefe de Unidad Departamental de Consignaciones,1,1
748,Jefe de Unidad Departamental de Apoyo Técnico,1,1
749,"Jefa de Unidad Departamental de Servicios Generales y Recursos Materiales de Oralidad Penal ""Sullivan""",1,1
750,"Jefa de Unidad Departamental de Supervisión de Zona Suroriente ""A""",1,1
751,"Mediadora Civil-Mercantil ""E""",1,1
752,Jefe de Unidad Departamental de Notificación,1,1
753,"Mediadora Civil-Mercantil ""A""",1,1
754,"Mediadora Familiar ""B""",1,1
755,"Mediadora Familiar ""A""",1,1
756,"Mediadora Familiar ""F""",1,1
757,Jefa de Unidad Departamental de la Unidad de Inscripción y Archivo de Convenios de Mediación,1,1
758,Jefe de Unidad Departamental de Evaluación de Justicia para Adolescentes,1,1
759,"Jefa de Unidad Departamental de Servicios Generales y Recursos Materiales de Oralidad Penal ""Dr. Lavista""",1,1
760,Jefa de Unidad Departamental de Atención de Solicitudes de Información,1,1
761,"Jefa de Unidad Departamental de Seguimiento de Ejecución a Sentenciados ""B""",1,1
762,Jefa de Unidad Departamental de Difusión,1,1
763,"Jefe de Unidad Departamental de Radicaciones, Actas y Transcripciones",1,1
764,"Facilitador Penal y de Justicia para Adolescentes ""D""",1,1
765,"Jefa de Unidad Departamental de Recepción, Registro y Verificación",1,1
766,"Facilitador Penal y de Justicia para Adolescentes ""F""",1,1
767,Jefe de Unidad Departamental de Administración Niños Héroes y Salas Penales,1,1
768,Jefa de Unidad Departamental de Asistencia Técnica,1,1
769,Jefa de Unidad Departamental de Evaluación Psicológica,1,1
770,Jefe de Unidad Departamental de Apoyo Tecnológico,1,1
771,"Jefe de Unidad Departamental de Pruebas, Calidad y Control",1,1
772,"Jefe de Unidad Departamental de Gestión Judicial en Materia Penal ""A1""",1,1
773,Jefa de Unidad Departamental de Administración de Recursos,1,1
774,"Jefa de Unidad Departamental de Servicios Generales y Recursos Materiales de Oralidad Penal ""Santa Martha Acatitla""",1,1
775,"Jefe de Unidad Departamental de Apoyo a Salas de Oralidad Penal ""Reclusorio Oriente""",1,1
776,"Jefa de Unidad Departamental de Apoyo a Salas de Oralidad Penal ""Reclusorio Sur""",1,1
777,"Jefe de Unidad Departamental de Supervisión ""A""",1,1
778,"Jefa de Unidad Departamental de Supervisión ""B""",1,1
779,Jefe de Unidad Departamental de Administración Reclusorio Oriente,1,1
780,Jefa de Unidad Departamental de Selección y Evaluación de Personal,1,1
781,Jefe de Unidad Departamental Río de la Plata,1,1
782,Jefa de Unidad Departamental de Apoyo,1,1
783,Jefe de Unidad Departamental de Intendencia y Fotocopiado,1,1
784,Jefa de Unidad Departamental de Registro Contable de Nóminas y Obligaciones,1,1
785,"Jefa de Unidad Departamental de Gestión Judicial en Materia Penal ""A2""",1,1
786,"Jefa de Unidad Departamental de Gestión Judicial en Materia Penal ""A2""",1,1
787,Jefe de Unidad Departamental de Evaluación de Zona Suroriente,1,1
788,"Jefe de Unidad Departamental de Supervisión Zona Suroriente ""B""",1,1
789,"Jefa de Unidad Departamental de Control de Documentación, Regristro y resguardo",1,1
790,Jefa de Unidad Departamental de Supervisión de Justicia para Adolescentes,1,1
791,"Jefe de Unidad Departamental de Supervisión Zona Norponiente ""B""",1,1
792,Jefe de Unidad Departamental de Apoyo a Salas Penales,1,1
793,"Mediadora Familiar ""C""",1,1
794,"Jefe de Unidad Departamental de Apoyo a Salas de Oralidad Penal ""Reclusorio Norte""",1,1
795,"Jefe de Unidad Departamental de Apoyo a Salas de Oralidad Penal ""Sullivan""",1,1
796,Jefa de Unidad Departamental de Planeación y Seguimiento,1,1
797,Jefe de Unidad Departamental de Desarrollo de Cursos,1,1
798,"Jefe de Unidad Departamental de Apoyo a Salas de Oralidad Penal ""Dr. Lavista""",1,1
799,"Jefe de Unidad Departamental de Apoyo a Salas de Oralidad Penal ""Santa Martha Acatitla""",1,1
800,Jefa de Unidad Departamental de Operación Editorial,1,1
801,Jefa de Unidad Departamental de Seguimiento Administrativo,1,1
802,Jefa de Unidad Departamental de Orientación Ciudadana,1,1
803,"Facilitadora Penal y de Justicia para Adolescenes ""C""",1,1
804,"Jefa de Unidad Departamental de Apoyo a Salas de Oralidad Penal ""Obrero Mundial""",1,1
805,Jefe de Unidad Departamental de Sistemas de Energía Ininterrumpida,1,1
806,"Jefe de Unidad Departamental de Gestión Judicial en Materia Penal ""B1""",1,1
807,Jefe de Unidad Departamental de Derechos Humanos,1,1
808,Jefe de Unidad Departamental de Gestión y Mejora Continua,1,1
809,Jefa de Unidad Departamental de Desarrollo de Programas Académicos e Investigación,1,1
810,Jefe de Unidad Departamental de Diseño de Instrumentos de Procesos de Evaluación de Cargos Judiciales,1,1
811,Jefa de Unidad Departamental de Vinculación Institucional,1,1
812,"Jefe de Unidad Departamental de Recepción, Registro y Verificación",1,1
813,Jefa de Unidad Departamental de Coordinación de Eventos,1,1
814,Jefa de Unidad Departamental de Evaluación Zona Norponiente,1,1
815,Jefa de Unidad Departamental de Supervisión y Asesoría de CENDIS,1,1
816,Jefa de Unidad Departamental de Género,1,1
817,Magistrado del Tribunal,1,1
818,Magistrada del Tribunal,1,1
819,Juez del Sistema Procesal Penal Acusatorio,1,1
820,"Juez de la Ciudad de México ""A""",1,1
821,Jueza del Sistema Procesal Penal Acusatorio,1,1
822,"Jueza de la Ciudad de México ""A""",1,1
823,Magistrado por Ministerio de Ley,1,1
